account_age_days,user_karma,reply_delay_seconds,sentiment_score,avg_word_length,contains_links,subreddit_funny,subreddit_gaming,subreddit_pics,subreddit_politics,subreddit_technology,subreddit_worldnews
-1.1859902904970834,-0.17457935789165066,-0.8656817114411095,1.1992460347019451,1.5572736546652686,-0.5465357250000211,2.098905763822046,-0.4843221048378526,-0.43643578047198484,-0.4364357804719848,-0.42008402520840293,-0.4282895663715402
0.2550285842775347,-1.3173603850615938,-0.6526059783551692,0.07833447334555972,-1.0125974366406867,-0.5465357250000211,-0.47643873166512696,-0.4843221048378526,2.2912878474779204,-0.4364357804719848,-0.42008402520840293,-0.4282895663715402
-1.1870314891060247,-0.5122935519196569,-0.8682284333505033,0.6301678573979341,1.3184803231722373,-0.5465357250000211,-0.47643873166512696,-0.4843221048378526,-0.43643578047198484,-0.4364357804719848,-0.42008402520840293,2.334868926348074
-1.1953610779775543,0.3141070900680164,-0.867379526047372,1.2164908279535818,1.2616247680548491,-0.5465357250000211,-0.47643873166512696,2.064741604835056,-0.43643578047198484,-0.4364357804719848,-0.42008402520840293,-0.4282895663715402
-1.1901550849328482,-1.094422082623649,-0.8665306187442408,1.4579179334764956,0.9318625483739964,-0.5465357250000211,-0.47643873166512696,-0.4843221048378526,-0.43643578047198484,2.29128784747792,-0.42008402520840293,-0.4282895663715402
-0.3467842116904778,-0.6064467616255066,-0.6067649839860825,1.1647564481986719,-0.2848463311381155,-0.5465357250000211,-0.47643873166512696,-0.4843221048378526,-0.43643578047198484,-0.4364357804719848,-0.42008402520840293,2.334868926348074
-0.5029640030316574,0.4831419688224006,-0.8682284333505033,-0.02513428616426049,-0.023310777598128444,-0.5465357250000211,2.098905763822046,-0.4843221048378526,-0.43643578047198484,-0.4364357804719848,-0.42008402520840293,-0.4282895663715402
-0.12396770937706139,0.07196835966890895,1.3194056868186927,-0.6114572567199082,-0.864772993335477,-0.5465357250000211,-0.47643873166512696,2.064741604835056,-0.43643578047198484,-0.4364357804719848,-0.42008402520840293,-0.4282895663715402
-1.0381400880274334,0.05795915852687542,0.1445179792850617,-0.4907437039584514,-0.8420307712885211,-0.5465357250000211,-0.47643873166512696,-0.4843221048378526,-0.43643578047198484,-0.4364357804719848,2.3804761428476167,-0.4282895663715402
0.7277327527368387,0.4960133668259949,1.7863047035408726,0.2507824058619267,-1.6380085429319589,-0.5465357250000211,-0.47643873166512696,-0.4843221048378526,-0.43643578047198484,-0.4364357804719848,2.3804761428476167,-0.4282895663715402
-1.2005670710222602,1.0437944652883515,-0.8656817114411095,1.6476106592444992,0.12451366570708126,1.8297065576087663,-0.47643873166512696,-0.4843221048378526,-0.43643578047198484,-0.4364357804719848,2.3804761428476167,-0.4282895663715402
-1.152671935010965,0.587250955989594,-0.8682284333505033,-0.09411345917080728,1.8188092082052556,1.8297065576087663,-0.47643873166512696,2.064741604835056,-0.43643578047198484,-0.4364357804719848,-0.42008402520840293,-0.4282895663715402
-1.2120202557206134,-0.7632502566416687,-0.8648328041379783,1.095777275192125,0.9318625483739964,-0.5465357250000211,-0.47643873166512696,2.064741604835056,-0.43643578047198484,-0.4364357804719848,-0.42008402520840293,-0.4282895663715402
0.15923831225494448,1.0007712841161167,-0.3385102761966118,-0.3182957714420844,-1.3878441004154503,-0.5465357250000211,-0.47643873166512696,-0.4843221048378526,-0.43643578047198484,-0.4364357804719848,-0.42008402520840293,2.334868926348074
0.27168776202059386,-0.8863463336815673,1.579171321576851,0.7853709966626644,-0.3871863303494145,-0.5465357250000211,-0.47643873166512696,-0.4843221048378526,-0.43643578047198484,2.29128784747792,-0.42008402520840293,-0.4282895663715402
-0.0729489775389427,-0.7630369185532113,2.053710504027212,-0.8356395689911853,0.26096699798881356,-0.5465357250000211,-0.47643873166512696,-0.4843221048378526,-0.43643578047198484,-0.4364357804719848,2.3804761428476167,-0.4282895663715402
0.5663469683509529,-1.115684778773233,-0.500651571094678,1.1820012414503085,-1.6607507649789146,-0.5465357250000211,-0.47643873166512696,-0.4843221048378526,2.2912878474779204,-0.4364357804719848,-0.42008402520840293,-0.4282895663715402
-1.2057730640669662,-1.6135447645365666,-0.8614371749254534,0.6646574439012075,0.6703269948340094,-0.5465357250000211,-0.47643873166512696,-0.4843221048378526,-0.43643578047198484,-0.4364357804719848,-0.42008402520840293,2.334868926348074
-0.9423498160048431,-0.16149462179959903,0.975598229050542,-0.6976812229780918,-0.023310777598128444,-0.5465357250000211,-0.47643873166512696,-0.4843221048378526,-0.43643578047198484,-0.4364357804719848,2.3804761428476167,-0.4282895663715402
-1.1953610779775543,-0.16284576302649567,-0.8656817114411095,0.8198605831659378,0.6021003286931437,1.8297065576087663,-0.47643873166512696,-0.4843221048378526,2.2912878474779204,-0.4364357804719848,-0.42008402520840293,-0.4282895663715402
-1.183907893279201,0.410749244139202,-0.8682284333505033,-0.4907437039584514,1.9552625404869879,1.8297065576087663,-0.47643873166512696,-0.4843221048378526,-0.43643578047198484,2.29128784747792,-0.42008402520840293,-0.4282895663715402
-1.194319879368613,0.4862709274531086,-0.8665306187442408,-0.8183947757395487,1.045573658608773,1.8297065576087663,-0.47643873166512696,-0.4843221048378526,-0.43643578047198484,-0.4364357804719848,-0.42008402520840293,2.334868926348074
-0.9027842688650776,-0.5529700141188608,0.013786254602851286,-0.6804364297264551,-0.5122685516076684,-0.5465357250000211,-0.47643873166512696,2.064741604835056,-0.43643578047198484,-0.4364357804719848,-0.42008402520840293,-0.4282895663715402
1.2160549003302605,0.5535435380133306,1.3431750913063674,-1.64614485181811,0.056286999566215634,-0.5465357250000211,-0.47643873166512696,-0.4843221048378526,2.2912878474779204,-0.4364357804719848,-0.42008402520840293,-0.4282895663715402
-1.209937858502731,0.9196316978061662,-0.8656817114411095,0.9923085156823047,1.3753358782896257,-0.5465357250000211,-0.47643873166512696,2.064741604835056,-0.43643578047198484,-0.4364357804719848,-0.42008402520840293,-0.4282895663715402
-1.210979057111672,1.5073781315062023,-0.8690773406536345,-0.14584783892571737,1.1365425467965944,-0.5465357250000211,-0.47643873166512696,-0.4843221048378526,-0.43643578047198484,2.29128784747792,-0.42008402520840293,-0.4282895663715402
0.766257101267663,0.0448744224348238,0.4891743443563436,1.2164908279535818,0.1358847767305587,-0.5465357250000211,-0.47643873166512696,2.064741604835056,-0.43643578047198484,-0.4364357804719848,-0.42008402520840293,-0.4282895663715402
-1.1953610779775543,0.889266576549068,-0.8648328041379783,-0.9908427082559156,0.03354477751925975,1.8297065576087663,-0.47643873166512696,-0.4843221048378526,-0.43643578047198484,-0.4364357804719848,2.3804761428476167,-0.4282895663715402
-0.2260051730532988,-0.9163558914579031,-0.8665306187442408,1.7165898322510462,1.284366990101804,1.8297065576087663,-0.47643873166512696,-0.4843221048378526,-0.43643578047198484,-0.4364357804719848,2.3804761428476167,-0.4282895663715402
-0.9361026243511958,0.20139346666637606,0.7565801448426831,-1.1805354340239194,0.1927403318479469,-0.5465357250000211,-0.47643873166512696,-0.4843221048378526,-0.43643578047198484,-0.4364357804719848,2.3804761428476167,-0.4282895663715402
-0.7393160872613095,0.5851175751050204,0.5570869286068425,-1.318493780037013,-1.5015552106502266,-0.5465357250000211,2.098905763822046,-0.4843221048378526,-0.43643578047198484,-0.4364357804719848,-0.42008402520840293,-0.4282895663715402
0.6423544668036604,-0.7076401282504493,1.8295989760005655,-1.077066674514099,-1.126308546875463,-0.5465357250000211,-0.47643873166512696,2.064741604835056,-0.43643578047198484,-0.4364357804719848,-0.42008402520840293,-0.4282895663715402
0.17381509278012125,-0.5189070326618351,1.877986692279046,1.5958762794895893,-1.8199463193076018,-0.5465357250000211,-0.47643873166512696,2.064741604835056,-0.43643578047198484,-0.4364357804719848,-0.42008402520840293,-0.4282895663715402
1.2899800015650855,1.6482523825842146,0.7693137543896517,-1.2667594002821028,-0.5236396626311468,-0.5465357250000211,-0.47643873166512696,-0.4843221048378526,-0.43643578047198484,2.29128784747792,-0.42008402520840293,-0.4282895663715402
1.1858601406709657,-1.0758616689278584,0.15385595961950527,-0.2320718051839009,-1.04671076971112,-0.5465357250000211,-0.47643873166512696,-0.4843221048378526,-0.43643578047198484,2.29128784747792,-0.42008402520840293,-0.4282895663715402
0.17173269556223886,0.9682016692782925,-0.47942888851639703,0.9578189291790314,-1.4105863224624051,-0.5465357250000211,-0.47643873166512696,-0.4843221048378526,-0.43643578047198484,-0.4364357804719848,2.3804761428476167,-0.4282895663715402
0.38621960900412566,-0.9841262908911922,1.385620456462929,1.0095533089339415,-1.4788129886032717,-0.5465357250000211,-0.47643873166512696,2.064741604835056,-0.43643578047198484,-0.4364357804719848,-0.42008402520840293,-0.4282895663715402
-0.03442462900811836,0.024109515158307098,-0.8639838968348471,0.21629281935865333,2.057602539698287,-0.5465357250000211,-0.47643873166512696,-0.4843221048378526,2.2912878474779204,-0.4364357804719848,-0.42008402520840293,-0.4282895663715402
-0.689338554032132,-0.6136291439369045,0.6029279229759293,0.23353761261029005,-0.10290855476247251,-0.5465357250000211,-0.47643873166512696,-0.4843221048378526,-0.43643578047198484,-0.4364357804719848,-0.42008402520840293,2.334868926348074
0.298758925853065,-0.9203382024424406,0.7260194819299586,-0.283806184938811,-0.03468188862160588,-0.5465357250000211,-0.47643873166512696,-0.4843221048378526,-0.43643578047198484,2.29128784747792,-0.42008402520840293,-0.4282895663715402
-1.204731865458025,0.9268851928137165,-0.8614371749254534,-1.64614485181811,0.26096699798881356,-0.5465357250000211,2.098905763822046,-0.4843221048378526,-0.43643578047198484,-0.4364357804719848,-0.42008402520840293,-0.4282895663715402
0.4778450865909511,-1.5498989014801199,-0.8639838968348471,-1.6978792315730202,0.3633069972001125,1.8297065576087663,-0.47643873166512696,-0.4843221048378526,-0.43643578047198484,-0.4364357804719848,-0.42008402520840293,2.334868926348074
-1.1922374821507307,-1.4575235091780816,-0.8665306187442408,1.492407519979769,1.0796869916792062,1.8297065576087663,-0.47643873166512696,-0.4843221048378526,-0.43643578047198484,-0.4364357804719848,2.3804761428476167,-0.4282895663715402
0.7818750804017809,0.31680937252180963,0.2760986112704033,0.7163918236561175,-0.0687952216920392,-0.5465357250000211,-0.47643873166512696,-0.4843221048378526,-0.43643578047198484,-0.4364357804719848,-0.42008402520840293,2.334868926348074
-1.021480910284374,-1.616744835863427,-0.8682284333505033,1.0612876886888516,1.511789210571358,1.8297065576087663,-0.47643873166512696,-0.4843221048378526,-0.43643578047198484,2.29128784747792,-0.42008402520840293,-0.4282895663715402
-0.7497280733507214,1.305773637913994,-0.8639838968348471,0.9578189291790314,-0.1825063319268166,-0.5465357250000211,-0.47643873166512696,-0.4843221048378526,-0.43643578047198484,-0.4364357804719848,-0.42008402520840293,2.334868926348074
1.313927569570733,1.6384388305151758,-0.817293995162629,0.578433477643024,-1.7744618752136911,-0.5465357250000211,-0.47643873166512696,2.064741604835056,-0.43643578047198484,-0.4364357804719848,-0.42008402520840293,-0.4282895663715402
1.8241148879519202,-1.0050334235600138,0.3728740438273642,-1.197780227275556,-0.762432994124178,-0.5465357250000211,2.098905763822046,-0.4843221048378526,-0.43643578047198484,-0.4364357804719848,-0.42008402520840293,-0.4282895663715402
0.3070885147245946,-0.6567234378052919,1.1606600211331515,-0.37003015119699445,-0.26210410909115966,-0.5465357250000211,-0.47643873166512696,2.064741604835056,-0.43643578047198484,-0.4364357804719848,-0.42008402520840293,-0.4282895663715402
0.42890875197071476,-0.016495834344744397,-0.8690773406536345,-0.8873739487460954,0.22685366491838022,1.8297065576087663,-0.47643873166512696,2.064741604835056,-0.43643578047198484,-0.4364357804719848,-0.42008402520840293,-0.4282895663715402
-1.1859902904970834,-1.1829573893334548,-0.8622860822285846,0.802615789914301,0.6703269948340094,-0.5465357250000211,-0.47643873166512696,-0.4843221048378526,-0.43643578047198484,-0.4364357804719848,-0.42008402520840293,2.334868926348074
-1.0600052588151985,-0.18105061324152402,-0.8656817114411095,-1.2150250205271926,1.3412225452191933,1.8297065576087663,-0.47643873166512696,2.064741604835056,-0.43643578047198484,-0.4364357804719848,-0.42008402520840293,-0.4282895663715402
-0.043795416488589145,0.9954378319046826,-0.8622860822285846,-1.6289000585664735,0.18136922082446946,1.8297065576087663,-0.47643873166512696,2.064741604835056,-0.43643578047198484,-0.4364357804719848,-0.42008402520840293,-0.4282895663715402
0.0998899915452962,-1.5346807845034947,1.2854493946934433,-0.8873739487460954,-0.3871863303494145,-0.5465357250000211,-0.47643873166512696,-0.4843221048378526,2.2912878474779204,-0.4364357804719848,-0.42008402520840293,-0.4282895663715402
1.27644441964885,-0.5271561054155198,-0.8622860822285846,-0.9218635352493689,1.5913869877357019,1.8297065576087663,-0.47643873166512696,-0.4843221048378526,2.2912878474779204,-0.4364357804719848,-0.42008402520840293,-0.4282895663715402
-0.08960815528200186,0.1221739231525418,1.7005650659246179,-0.4390093242035413,-0.7055774390067898,-0.5465357250000211,-0.47643873166512696,-0.4843221048378526,2.2912878474779204,-0.4364357804719848,-0.42008402520840293,-0.4282895663715402
1.2785268168667325,-1.3440987588149167,0.792234251574195,1.5786314862379527,-0.8875152153824318,-0.5465357250000211,-0.47643873166512696,-0.4843221048378526,-0.43643578047198484,2.29128784747792,-0.42008402520840293,-0.4282895663715402
1.6106691731189746,0.3672993867900523,-0.8648328041379783,-0.9391083285010057,-0.08016633271551664,-0.5465357250000211,-0.47643873166512696,-0.4843221048378526,-0.43643578047198484,2.29128784747792,-0.42008402520840293,-0.4282895663715402
0.855800181636606,-0.18332621951840256,-0.05073070043512268,0.23353761261029005,-0.0687952216920392,-0.5465357250000211,-0.47643873166512696,-0.4843221048378526,-0.43643578047198484,-0.4364357804719848,-0.42008402520840293,2.334868926348074
1.1067290463914348,-1.6993777887925792,-0.8682284333505033,1.4579179334764956,0.3974203302705458,-0.5465357250000211,-0.47643873166512696,2.064741604835056,-0.43643578047198484,-0.4364357804719848,-0.42008402520840293,-0.4282895663715402
-1.105817997608611,0.09927563499145146,-0.8690773406536345,-0.3527853579453578,0.8863781042800857,-0.5465357250000211,-0.47643873166512696,2.064741604835056,-0.43643578047198484,-0.4364357804719848,-0.42008402520840293,-0.4282895663715402
-1.2078554612848487,0.5518368333056717,-0.8648328041379783,0.009355300339012912,0.37467810822358993,1.8297065576087663,-0.47643873166512696,-0.4843221048378526,-0.43643578047198484,-0.4364357804719848,-0.42008402520840293,2.334868926348074
1.2691560293862616,-0.15146773164210295,0.5715183527600736,-1.2840041935337396,-0.6373507728659231,-0.5465357250000211,2.098905763822046,-0.4843221048378526,-0.43643578047198484,-0.4364357804719848,-0.42008402520840293,-0.4282895663715402
-0.6060426653168361,0.5865398290280694,-0.867379526047372,1.1130220684437617,0.04491588854273719,1.8297065576087663,-0.47643873166512696,-0.4843221048378526,-0.43643578047198484,-0.4364357804719848,-0.42008402520840293,2.334868926348074
1.1046466491735523,-1.4782884164545982,0.7158325942923838,-0.6631916364748184,-0.22799077602072634,-0.5465357250000211,-0.47643873166512696,-0.4843221048378526,2.2912878474779204,-0.4364357804719848,-0.42008402520840293,-0.4282895663715402
0.12487875815988494,-1.0048200854715565,0.02906658605921354,-0.21482701193226417,-1.854059652378035,-0.5465357250000211,-0.47643873166512696,-0.4843221048378526,2.2912878474779204,-0.4364357804719848,-0.42008402520840293,-0.4282895663715402
-1.2078554612848487,-1.3654325676606531,-0.8648328041379783,0.2852719923652001,0.6930692168809652,-0.5465357250000211,-0.47643873166512696,-0.4843221048378526,-0.43643578047198484,-0.4364357804719848,2.3804761428476167,-0.4282895663715402
-1.189113886323907,-0.6154780740368683,-0.8614371749254534,-0.05962387266753388,-0.023310777598128444,1.8297065576087663,-0.47643873166512696,-0.4843221048378526,-0.43643578047198484,-0.4364357804719848,-0.42008402520840293,2.334868926348074
-1.2088966598937898,1.025091826200256,-0.8614371749254534,0.8715949629208479,-0.023310777598128444,-0.5465357250000211,-0.47643873166512696,-0.4843221048378526,2.2912878474779204,-0.4364357804719848,-0.42008402520840293,-0.4282895663715402
-1.0756232379493165,0.336578702052192,-0.8665306187442408,0.1990480261070166,1.8870358743461213,1.8297065576087663,-0.47643873166512696,-0.4843221048378526,-0.43643578047198484,-0.4364357804719848,-0.42008402520840293,2.334868926348074
-1.1953610779775543,1.6177450359348116,-0.8656817114411095,-0.33554056469372107,0.920491437350519,-0.5465357250000211,-0.47643873166512696,-0.4843221048378526,-0.43643578047198484,-0.4364357804719848,-0.42008402520840293,2.334868926348074
-1.1620427224914358,-0.39118863037202695,0.32109069833635884,0.02660009359064961,-0.13702188783290584,-0.5465357250000211,-0.47643873166512696,-0.4843221048378526,-0.43643578047198484,-0.4364357804719848,-0.42008402520840293,2.334868926348074
0.3164593022050654,0.6446389017846247,0.465404939868669,-0.007889492912623789,-0.14839299885638327,-0.5465357250000211,-0.47643873166512696,-0.4843221048378526,2.2912878474779204,-0.4364357804719848,-0.42008402520840293,-0.4282895663715402
-0.6445670138476605,1.4457945366381766,-0.11949219198875281,-1.6978792315730202,-0.5008974405841908,-0.5465357250000211,-0.47643873166512696,-0.4843221048378526,-0.43643578047198484,-0.4364357804719848,-0.42008402520840293,2.334868926348074
0.5174106337307166,-1.010224650379143,-0.8631349895317159,-0.6114572567199082,0.06765811058969307,1.8297065576087663,-0.47643873166512696,2.064741604835056,-0.43643578047198484,-0.4364357804719848,-0.42008402520840293,-0.4282895663715402
0.8526765858097825,-0.653452253782279,1.323650223334349,-0.02513428616426049,0.07902922161317051,-0.5465357250000211,2.098905763822046,-0.4843221048378526,-0.43643578047198484,-0.4364357804719848,-0.42008402520840293,-0.4282895663715402
-1.1911962835417895,0.14080544954448487,-0.8656817114411095,-0.3182957714420844,1.511789210571358,-0.5465357250000211,-0.47643873166512696,2.064741604835056,-0.43643578047198484,-0.4364357804719848,-0.42008402520840293,-0.4282895663715402
1.2587440432968497,1.5773530245202174,1.9509927203483324,-1.146045847520646,0.23822477594185765,-0.5465357250000211,-0.47643873166512696,-0.4843221048378526,-0.43643578047198484,-0.4364357804719848,2.3804761428476167,-0.4282895663715402
-1.2026494682401425,1.7261918975673045,-0.8648328041379783,0.47496471813320384,0.1358847767305587,-0.5465357250000211,-0.47643873166512696,-0.4843221048378526,-0.43643578047198484,-0.4364357804719848,-0.42008402520840293,2.334868926348074
-0.4654808531097744,1.4654927534724065,-0.06261540267895999,-1.3529833665402864,-0.9898552145937318,-0.5465357250000211,-0.47643873166512696,-0.4843221048378526,-0.43643578047198484,-0.4364357804719848,2.3804761428476167,-0.4282895663715402
0.093642799891649,0.8138871186274663,1.0638845885761905,-0.8356395689911853,0.2495958869653361,-0.5465357250000211,-0.47643873166512696,-0.4843221048378526,2.2912878474779204,-0.4364357804719848,-0.42008402520840293,-0.4282895663715402
-1.167248715536142,-1.6379364193168586,1.5766245996674573,0.6819022371528443,-0.6600929949128791,-0.5465357250000211,2.098905763822046,-0.4843221048378526,-0.43643578047198484,-0.4364357804719848,-0.42008402520840293,-0.4282895663715402
-1.183907893279201,-1.5518900569723886,-0.8690773406536345,1.2337356212052186,0.9091203263270415,-0.5465357250000211,-0.47643873166512696,-0.4843221048378526,2.2912878474779204,-0.4364357804719848,-0.42008402520840293,-0.4282895663715402
1.4596953748225008,1.070461726345522,0.16319393995394887,-0.33554056469372107,-1.3651018783684943,-0.5465357250000211,-0.47643873166512696,-0.4843221048378526,-0.43643578047198484,-0.4364357804719848,2.3804761428476167,-0.4282895663715402
1.8241148879519202,-0.8627369185589525,1.5579486389985702,-0.05962387266753388,-0.19387744295029402,-0.5465357250000211,-0.47643873166512696,2.064741604835056,-0.43643578047198484,-0.4364357804719848,-0.42008402520840293,-0.4282895663715402
1.7158302326220356,-1.4792839942007325,-0.25446845318661937,-0.7149260162297284,0.12451366570708126,-0.5465357250000211,2.098905763822046,-0.4843221048378526,-0.43643578047198484,-0.4364357804719848,-0.42008402520840293,-0.4282895663715402
-1.194319879368613,1.1843131528856017,-0.8639838968348471,1.044042895437215,0.6475847727870545,1.8297065576087663,-0.47643873166512696,-0.4843221048378526,-0.43643578047198484,2.29128784747792,-0.42008402520840293,-0.4282895663715402
-1.2120202557206134,-0.6158336375176305,-0.8614371749254534,0.1300688531004698,0.1586269987775146,1.8297065576087663,-0.47643873166512696,-0.4843221048378526,-0.43643578047198484,2.29128784747792,-0.42008402520840293,-0.4282895663715402
-0.4810988322438923,-1.4470699428436709,0.8261905436994444,0.5094543046364772,-1.5811529878145707,-0.5465357250000211,-0.47643873166512696,-0.4843221048378526,-0.43643578047198484,2.29128784747792,-0.42008402520840293,-0.4282895663715402
1.3743170888893226,-0.8019355633486039,-0.5940313744391139,0.38874075187502033,-1.717606320096303,-0.5465357250000211,-0.47643873166512696,-0.4843221048378526,-0.43643578047198484,-0.4364357804719848,-0.42008402520840293,2.334868926348074
1.564856434325562,-0.6302695148365789,-0.8682284333505033,1.6821002457477727,1.6255003208061352,1.8297065576087663,2.098905763822046,-0.4843221048378526,-0.43643578047198484,-0.4364357804719848,-0.42008402520840293,-0.4282895663715402
-1.0756232379493165,-1.4226782880633788,-0.8614371749254534,-1.6289000585664735,1.5913869877357019,1.8297065576087663,-0.47643873166512696,-0.4843221048378526,-0.43643578047198484,2.29128784747792,-0.42008402520840293,-0.4282895663715402
0.8245642233683701,1.386059871870115,-0.4395302452692289,1.6821002457477727,0.2495958869653361,-0.5465357250000211,-0.47643873166512696,-0.4843221048378526,-0.43643578047198484,-0.4364357804719848,-0.42008402520840293,2.334868926348074
0.6444368640215428,1.2003846222160564,0.6402798443137037,-0.5424780837133615,-1.126308546875463,-0.5465357250000211,-0.47643873166512696,-0.4843221048378526,-0.43643578047198484,2.29128784747792,-0.42008402520840293,-0.4282895663715402
1.3149687681796745,-1.1623347074492432,-0.8639838968348471,-0.4907437039584514,0.6021003286931437,-0.5465357250000211,-0.47643873166512696,-0.4843221048378526,-0.43643578047198484,-0.4364357804719848,2.3804761428476167,-0.4282895663715402
-0.15208007181847374,-1.2763283593816277,1.6190699648240192,-1.2150250205271926,0.010802555472304878,-0.5465357250000211,-0.47643873166512696,-0.4843221048378526,-0.43643578047198484,2.29128784747792,-0.42008402520840293,-0.4282895663715402
-1.194319879368613,-1.05794126949744,-0.8614371749254534,0.38874075187502033,0.5679869956227104,-0.5465357250000211,-0.47643873166512696,-0.4843221048378526,2.2912878474779204,-0.4364357804719848,-0.42008402520840293,-0.4282895663715402
-1.1859902904970834,-0.6853818543547311,-0.8690773406536345,1.6303658659928626,1.7050980979704784,1.8297065576087663,-0.47643873166512696,-0.4843221048378526,-0.43643578047198484,2.29128784747792,-0.42008402520840293,-0.4282895663715402
-1.2078554612848487,-0.09735096987008512,-0.8622860822285846,-1.6116552653148368,0.7271825499513985,1.8297065576087663,-0.47643873166512696,2.064741604835056,-0.43643578047198484,-0.4364357804719848,-0.42008402520840293,-0.4282895663715402
-1.2130614543295546,0.193713295481911,-0.8631349895317159,-1.5254312990566534,0.022173666495782316,1.8297065576087663,2.098905763822046,-0.4843221048378526,-0.43643578047198484,-0.4364357804719848,-0.42008402520840293,-0.4282895663715402
0.7329387457815446,0.9856242798356438,0.2591204652077786,-0.5769676702166349,0.14725588775403614,-0.5465357250000211,-0.47643873166512696,-0.4843221048378526,-0.43643578047198484,-0.4364357804719848,2.3804761428476167,-0.4282895663715402
-0.4852636266796571,1.6632571614723823,0.619906069038554,0.5266990978881139,-0.2734752201146371,-0.5465357250000211,-0.47643873166512696,-0.4843221048378526,-0.43643578047198484,2.29128784747792,-0.42008402520840293,-0.4282895663715402
1.1285942171791998,1.367783908958934,-0.8631349895317159,-0.852884362242822,0.28370922003576843,1.8297065576087663,-0.47643873166512696,-0.4843221048378526,-0.43643578047198484,-0.4364357804719848,2.3804761428476167,-0.4282895663715402
0.8943245301674303,-0.7333829242576378,0.8771249818873186,-0.6114572567199082,-1.4674418775797942,-0.5465357250000211,-0.47643873166512696,-0.4843221048378526,-0.43643578047198484,-0.4364357804719848,-0.42008402520840293,2.334868926348074
-0.06982538171211909,-1.4357630241554304,-0.8639838968348471,0.8888397561724847,1.750582542064389,-0.5465357250000211,-0.47643873166512696,-0.4843221048378526,-0.43643578047198484,-0.4364357804719848,-0.42008402520840293,2.334868926348074
1.8917927975330981,1.086248744891367,0.029915493362344777,1.4751627267281324,-1.615266320885004,-0.5465357250000211,-0.47643873166512696,2.064741604835056,-0.43643578047198484,-0.4364357804719848,-0.42008402520840293,-0.4282895663715402
-0.07503137475682509,1.5675394724511786,1.9756110321391382,1.6476106592444992,-1.4333285445093609,-0.5465357250000211,-0.47643873166512696,2.064741604835056,-0.43643578047198484,-0.4364357804719848,-0.42008402520840293,-0.4282895663715402
-0.558147529305541,-0.033136205244418744,1.5460639367547329,-0.4734989107068147,-0.5350107736546242,-0.5465357250000211,2.098905763822046,-0.4843221048378526,-0.43643578047198484,-0.4364357804719848,-0.42008402520840293,-0.4282895663715402
1.1723245587547302,1.5474856921361866,0.8465643189745942,-1.6116552653148368,0.04491588854273719,-0.5465357250000211,-0.47643873166512696,-0.4843221048378526,-0.43643578047198484,-0.4364357804719848,-0.42008402520840293,2.334868926348074
-1.0391812866363745,0.5608681457170334,1.5163521811451395,-1.2840041935337396,-1.251390768133718,-0.5465357250000211,2.098905763822046,-0.4843221048378526,-0.43643578047198484,-0.4364357804719848,-0.42008402520840293,-0.4282895663715402
-0.7153685192556619,0.614487118615984,-0.07874464143845347,0.5266990978881139,-0.15976410987986073,-0.5465357250000211,-0.47643873166512696,2.064741604835056,-0.43643578047198484,-0.4364357804719848,-0.42008402520840293,-0.4282895663715402
-0.9819153631446086,1.4113048790042362,-0.8656817114411095,0.750881410159391,0.6362136617635771,1.8297065576087663,-0.47643873166512696,2.064741604835056,-0.43643578047198484,-0.4364357804719848,-0.42008402520840293,-0.4282895663715402
-1.2120202557206134,1.43256757515382,-0.8639838968348471,0.33700637212011025,0.42016255231750066,1.8297065576087663,2.098905763822046,-0.4843221048378526,-0.43643578047198484,-0.4364357804719848,-0.42008402520840293,-0.4282895663715402
-1.2057730640669662,1.6146160773041036,-0.8639838968348471,-1.6116552653148368,0.6703269948340094,-0.5465357250000211,2.098905763822046,-0.4843221048378526,-0.43643578047198484,-0.4364357804719848,-0.42008402520840293,-0.4282895663715402
1.5804744134596798,-0.3116846360735829,1.842332585547534,-1.4047177462951965,0.16999810980099203,-0.5465357250000211,-0.47643873166512696,2.064741604835056,-0.43643578047198484,-0.4364357804719848,-0.42008402520840293,-0.4282895663715402
-1.2057730640669662,0.9036313411718638,-0.867379526047372,1.613121072741226,-0.15976410987986073,-0.5465357250000211,-0.47643873166512696,2.064741604835056,-0.43643578047198484,-0.4364357804719848,-0.42008402520840293,-0.4282895663715402
1.3930586638502642,1.4247451785770502,-0.3325679250746931,0.3025167856168368,0.09040033263664794,-0.5465357250000211,2.098905763822046,-0.4843221048378526,-0.43643578047198484,-0.4364357804719848,-0.42008402520840293,-0.4282895663715402
-1.1859902904970834,0.023540613589087465,-0.8614371749254534,-0.8356395689911853,0.5907292176696662,-0.5465357250000211,2.098905763822046,-0.4843221048378526,-0.43643578047198484,-0.4364357804719848,-0.42008402520840293,-0.4282895663715402
1.5617328384987383,1.3475167905554846,0.21837291465747924,-0.2493165984355376,-0.0687952216920392,-0.5465357250000211,-0.47643873166512696,2.064741604835056,-0.43643578047198484,-0.4364357804719848,-0.42008402520840293,-0.4282895663715402
0.7860398748375457,-1.108004607588768,-0.8639838968348471,1.2509804144568553,0.6362136617635771,-0.5465357250000211,2.098905763822046,-0.4843221048378526,-0.43643578047198484,-0.4364357804719848,-0.42008402520840293,-0.4282895663715402
-0.8809190980773124,0.7579925394516371,-0.8639838968348471,-0.04237907941589719,1.386706989313104,-0.5465357250000211,2.098905763822046,-0.4843221048378526,-0.43643578047198484,-0.4364357804719848,-0.42008402520840293,-0.4282895663715402
1.5252908871857964,0.8169449645620219,-0.8690773406536345,1.2164908279535818,0.8522647712096524,-0.5465357250000211,-0.47643873166512696,-0.4843221048378526,-0.43643578047198484,-0.4364357804719848,2.3804761428476167,-0.4282895663715402
-1.2078554612848487,-0.754218944230307,-0.867379526047372,-0.05962387266753388,1.6937269869470009,1.8297065576087663,-0.47643873166512696,-0.4843221048378526,2.2912878474779204,-0.4364357804719848,-0.42008402520840293,-0.4282895663715402
-1.2005670710222602,-1.4425187302899136,-0.8639838968348471,-1.5944104720632002,1.4321914334070147,-0.5465357250000211,-0.47643873166512696,2.064741604835056,-0.43643578047198484,-0.4364357804719848,-0.42008402520840293,-0.4282895663715402
-0.14999767460059135,1.287497675002813,-0.3546395149561053,0.6991470304044809,-1.6038952098615264,-0.5465357250000211,-0.47643873166512696,-0.4843221048378526,2.2912878474779204,-0.4364357804719848,-0.42008402520840293,-0.4282895663715402
1.7647665672422719,-0.1521788586036275,-0.8614371749254534,-0.2493165984355376,1.3753358782896257,1.8297065576087663,-0.47643873166512696,-0.4843221048378526,-0.43643578047198484,-0.4364357804719848,2.3804761428476167,-0.4282895663715402
-0.16665685234365052,-1.0145625248444428,-0.07110447571027234,-0.007889492912623789,0.32919366412967915,-0.5465357250000211,2.098905763822046,-0.4843221048378526,-0.43643578047198484,-0.4364357804719848,-0.42008402520840293,-0.4282895663715402
0.17485629138906245,0.7752018119205311,-0.5337589559167961,1.5268971064830426,-1.8768018744249901,-0.5465357250000211,-0.47643873166512696,-0.4843221048378526,-0.43643578047198484,2.29128784747792,-0.42008402520840293,-0.4282895663715402
-0.5852186931380121,-1.209411312302168,-0.7349499867588991,1.6821002457477727,-1.512926321673705,-0.5465357250000211,-0.47643873166512696,2.064741604835056,-0.43643578047198484,-0.4364357804719848,-0.42008402520840293,-0.4282895663715402
-0.01880664987400039,-1.3716193722259167,-0.8648328041379783,0.33700637212011025,0.20411144287142535,1.8297065576087663,-0.47643873166512696,2.064741604835056,-0.43643578047198484,-0.4364357804719848,-0.42008402520840293,-0.4282895663715402
-1.1932786807596718,-1.7369252923610752,-0.867379526047372,-0.8701291554944588,1.3412225452191933,1.8297065576087663,-0.47643873166512696,-0.4843221048378526,-0.43643578047198484,-0.4364357804719848,-0.42008402520840293,2.334868926348074
-1.2088966598937898,0.11876051373722399,-0.8622860822285846,-0.8701291554944588,1.6141292097826567,-0.5465357250000211,-0.47643873166512696,-0.4843221048378526,2.2912878474779204,-0.4364357804719848,-0.42008402520840293,-0.4282895663715402
0.6048713168817773,-0.07452379440514724,1.996833714717419,0.1990480261070166,-1.4105863224624051,-0.5465357250000211,-0.47643873166512696,-0.4843221048378526,-0.43643578047198484,-0.4364357804719848,-0.42008402520840293,2.334868926348074
-1.209937858502731,-0.37341045633391334,-0.8682284333505033,1.1992460347019451,-0.13702188783290584,-0.5465357250000211,-0.47643873166512696,-0.4843221048378526,2.2912878474779204,-0.4364357804719848,-0.42008402520840293,-0.4282895663715402
1.85014485317545,1.164970499532134,0.325335234852015,-0.5942124634682716,-0.4554129964902801,-0.5465357250000211,-0.47643873166512696,-0.4843221048378526,-0.43643578047198484,2.29128784747792,-0.42008402520840293,-0.4282895663715402
0.9224368926088427,1.2509457491804514,1.5740778777580637,1.613121072741226,-0.34170188625550374,-0.5465357250000211,-0.47643873166512696,-0.4843221048378526,2.2912878474779204,-0.4364357804719848,-0.42008402520840293,-0.4282895663715402
-0.5612711251323645,-0.39367757473736287,-0.8622860822285846,1.6476106592444992,0.3178225531062017,1.8297065576087663,-0.47643873166512696,2.064741604835056,-0.43643578047198484,-0.4364357804719848,-0.42008402520840293,-0.4282895663715402
0.23212221488082835,0.673937332599436,-0.5863912087109328,0.02660009359064961,-0.046052999645084323,-0.5465357250000211,-0.47643873166512696,-0.4843221048378526,-0.43643578047198484,-0.4364357804719848,-0.42008402520840293,2.334868926348074
1.8532684490022737,-0.12202707543498681,1.8117719226348097,-1.1115562610173726,-1.8426885413545577,-0.5465357250000211,-0.47643873166512696,-0.4843221048378526,-0.43643578047198484,-0.4364357804719848,2.3804761428476167,-0.4282895663715402
-1.183907893279201,1.3090448219370068,-0.8690773406536345,-1.49094171255338,0.5111314405053222,1.8297065576087663,-0.47643873166512696,-0.4843221048378526,-0.43643578047198484,-0.4364357804719848,-0.42008402520840293,2.334868926348074
-0.7403572858702506,-1.594984350840776,-0.76296392776223,0.04384488684228631,-1.717606320096303,-0.5465357250000211,-0.47643873166512696,-0.4843221048378526,-0.43643578047198484,-0.4364357804719848,2.3804761428476167,-0.4282895663715402
0.4580623130210683,-1.1348852067343957,-0.47942888851639703,0.5611886843913874,-0.3644441083024586,-0.5465357250000211,2.098905763822046,-0.4843221048378526,-0.43643578047198484,-0.4364357804719848,-0.42008402520840293,-0.4282895663715402
-0.4810988322438923,-0.2887863479124925,-0.8648328041379783,-0.3182957714420844,0.23822477594185765,1.8297065576087663,2.098905763822046,-0.4843221048378526,-0.43643578047198484,-0.4364357804719848,-0.42008402520840293,-0.4282895663715402
0.6840024111613083,1.0651993868302403,-0.24428156554904457,-0.4907437039584514,-0.8761441043589544,-0.5465357250000211,-0.47643873166512696,-0.4843221048378526,-0.43643578047198484,-0.4364357804719848,-0.42008402520840293,2.334868926348074
1.32850435009591,0.8532835522959261,1.424670192406966,0.5956782708946606,0.056286999566215634,-0.5465357250000211,-0.47643873166512696,-0.4843221048378526,-0.43643578047198484,2.29128784747792,-0.42008402520840293,-0.4282895663715402
-0.005271067957764815,0.769228345443725,1.8109230153316784,-0.4390093242035413,-0.3189596642085479,-0.5465357250000211,-0.47643873166512696,-0.4843221048378526,2.2912878474779204,-0.4364357804719848,-0.42008402520840293,-0.4282895663715402
1.2066841128497898,0.889266576549068,-0.8622860822285846,-1.49094171255338,-0.10290855476247251,1.8297065576087663,2.098905763822046,-0.4843221048378526,-0.43643578047198484,-0.4364357804719848,-0.42008402520840293,-0.4282895663715402
0.6673432334182492,-1.7010133808040857,-0.24597938015530701,1.5268971064830426,-1.7858329862371685,-0.5465357250000211,-0.47643873166512696,-0.4843221048378526,-0.43643578047198484,-0.4364357804719848,-0.42008402520840293,2.334868926348074
0.9016129204300187,-0.6838884877355295,-0.8648328041379783,-0.6804364297264551,2.0462314286748096,-0.5465357250000211,-0.47643873166512696,2.064741604835056,-0.43643578047198484,-0.4364357804719848,-0.42008402520840293,-0.4282895663715402
-0.41654451848953805,0.38678426553582484,-0.8665306187442408,-0.5597228769649982,0.29508033105924686,1.8297065576087663,-0.47643873166512696,-0.4843221048378526,-0.43643578047198484,-0.4364357804719848,2.3804761428476167,-0.4282895663715402
1.7637253686333307,-0.8414031097132161,-0.4717887227882159,-1.6289000585664735,-1.8085752082841244,-0.5465357250000211,-0.47643873166512696,-0.4843221048378526,2.2912878474779204,-0.4364357804719848,-0.42008402520840293,-0.4282895663715402
-1.1485071405752003,0.7414943939442676,0.09782807761284368,-1.2322698137788295,-1.0012263256172091,-0.5465357250000211,-0.47643873166512696,-0.4843221048378526,2.2912878474779204,-0.4364357804719848,-0.42008402520840293,-0.4282895663715402
-1.2036906668490839,1.5658327677435198,-0.8614371749254534,0.6819022371528443,0.8522647712096524,1.8297065576087663,-0.47643873166512696,-0.4843221048378526,-0.43643578047198484,-0.4364357804719848,2.3804761428476167,-0.4282895663715402
1.5783920162417975,-0.7395697288229014,1.48239588901989,0.578433477643024,0.10177144366012539,-0.5465357250000211,2.098905763822046,-0.4843221048378526,-0.43643578047198484,-0.4364357804719848,-0.42008402520840293,-0.4282895663715402
0.06136564301447186,0.19911786038949753,1.1674512795582015,-0.11135825242244397,-0.3644441083024586,-0.5465357250000211,-0.47643873166512696,-0.4843221048378526,-0.43643578047198484,-0.4364357804719848,-0.42008402520840293,2.334868926348074
-1.1901550849328482,-0.43719854478266496,-0.8682284333505033,-0.07686866591917059,1.5913869877357019,-0.5465357250000211,-0.47643873166512696,-0.4843221048378526,2.2912878474779204,-0.4364357804719848,-0.42008402520840293,-0.4282895663715402
-0.30201267150600625,1.5550947506244992,0.28628549890797816,1.095777275192125,-1.3651018783684943,-0.5465357250000211,2.098905763822046,-0.4843221048378526,-0.43643578047198484,-0.4364357804719848,-0.42008402520840293,-0.4282895663715402
-0.4894284211154219,0.4448122255962277,-0.8665306187442408,-1.0425770880108258,0.6248425507400996,-0.5465357250000211,-0.47643873166512696,-0.4843221048378526,-0.43643578047198484,2.29128784747792,-0.42008402520840293,-0.4282895663715402
1.5752684204149738,-1.1646103137261217,-0.8656817114411095,-0.8873739487460954,0.7158114389279201,1.8297065576087663,-0.47643873166512696,-0.4843221048378526,-0.43643578047198484,-0.4364357804719848,-0.42008402520840293,2.334868926348074
-0.6643497874175432,-0.5742327102684447,0.3796653022524141,-1.5599208855599267,0.1927403318479469,-0.5465357250000211,2.098905763822046,-0.4843221048378526,-0.43643578047198484,-0.4364357804719848,-0.42008402520840293,-0.4282895663715402
1.3409987334032043,0.10140901587602509,1.2939384677247556,-0.21482701193226417,-1.1376796578989414,-0.5465357250000211,-0.47643873166512696,-0.4843221048378526,-0.43643578047198484,-0.4364357804719848,2.3804761428476167,-0.4282895663715402
-0.7393160872613095,1.3545569474745776,0.4424844426841256,0.7853709966626644,-1.1945352130163296,-0.5465357250000211,-0.47643873166512696,-0.4843221048378526,-0.43643578047198484,-0.4364357804719848,2.3804761428476167,-0.4282895663715402
1.602339584247445,0.12302727550637126,-0.712878396877487,1.5786314862379527,-0.8988863264059103,-0.5465357250000211,-0.47643873166512696,2.064741604835056,-0.43643578047198484,-0.4364357804719848,-0.42008402520840293,-0.4282895663715402
1.4742721553476776,1.5198939660290343,0.050289268637494444,1.6821002457477727,-0.39855744137289195,-0.5465357250000211,2.098905763822046,-0.4843221048378526,-0.43643578047198484,-0.4364357804719848,-0.42008402520840293,-0.4282895663715402
-1.2016082696312014,-0.8272516831788777,-0.8631349895317159,1.6993450389994094,1.9211492074165546,1.8297065576087663,2.098905763822046,-0.4843221048378526,-0.43643578047198484,-0.4364357804719848,-0.42008402520840293,-0.4282895663715402
0.4955454629429515,-0.2358785019750664,0.45436914492796293,-1.1805354340239194,-1.149050768922419,-0.5465357250000211,-0.47643873166512696,-0.4843221048378526,2.2912878474779204,-0.4364357804719848,-0.42008402520840293,-0.4282895663715402
0.1509087233834149,1.7280408276672683,1.5350281418140268,-1.197780227275556,0.03354477751925975,-0.5465357250000211,2.098905763822046,-0.4843221048378526,-0.43643578047198484,-0.4364357804719848,-0.42008402520840293,-0.4282895663715402
1.4857253400460309,-1.316009243834697,-0.8682284333505033,-0.7839051892362753,0.9659758814444298,-0.5465357250000211,-0.47643873166512696,-0.4843221048378526,-0.43643578047198484,-0.4364357804719848,-0.42008402520840293,2.334868926348074
0.8984893246031951,1.5572281315090728,-0.11864328468562158,1.2509804144568553,-1.8426885413545577,-0.5465357250000211,-0.47643873166512696,2.064741604835056,-0.43643578047198484,-0.4364357804719848,-0.42008402520840293,-0.4282895663715402
-0.9881625547982558,-0.719800399292519,-0.22985014139581353,1.044042895437215,-1.7630907641902136,-0.5465357250000211,-0.47643873166512696,-0.4843221048378526,2.2912878474779204,-0.4364357804719848,-0.42008402520840293,-0.4282895663715402
1.6981298562700353,1.3303075180865906,-0.8682284333505033,-0.26656139168717424,0.42016255231750066,1.8297065576087663,-0.47643873166512696,-0.4843221048378526,-0.43643578047198484,-0.4364357804719848,-0.42008402520840293,2.334868926348074
-1.1984846738043777,0.8876309845375616,-0.8682284333505033,1.026798102185578,0.46564699641141144,1.8297065576087663,-0.47643873166512696,-0.4843221048378526,-0.43643578047198484,2.29128784747792,-0.42008402520840293,-0.4282895663715402
1.6242047550352101,-1.2180870612327674,1.4204256558913098,1.613121072741226,-0.25073299806768223,-0.5465357250000211,-0.47643873166512696,-0.4843221048378526,-0.43643578047198484,-0.4364357804719848,-0.42008402520840293,2.334868926348074
-1.1974434751954366,0.44531001446929486,-0.8614371749254534,0.47496471813320384,1.182026990890505,-0.5465357250000211,2.098905763822046,-0.4843221048378526,-0.43643578047198484,-0.4364357804719848,-0.42008402520840293,-0.4282895663715402
-1.2026494682401425,1.2748396150876762,-0.8690773406536345,1.5441418997346792,1.0228314365618179,-0.5465357250000211,-0.47643873166512696,-0.4843221048378526,-0.43643578047198484,-0.4364357804719848,-0.42008402520840293,2.334868926348074
-1.18286669467026,-1.5073023964847996,-0.8639838968348471,-1.6806344383213836,0.056286999566215634,-0.5465357250000211,-0.47643873166512696,2.064741604835056,-0.43643578047198484,-0.4364357804719848,-0.42008402520840293,-0.4282895663715402
-1.2078554612848487,0.20046900161639417,-0.8622860822285846,-1.6116552653148368,1.6255003208061352,-0.5465357250000211,-0.47643873166512696,-0.4843221048378526,-0.43643578047198484,2.29128784747792,-0.42008402520840293,-0.4282895663715402
0.7704218957034278,-1.4647058914894795,0.029915493362344777,-1.4047177462951965,-1.6038952098615264,-0.5465357250000211,2.098905763822046,-0.4843221048378526,-0.43643578047198484,-0.4364357804719848,-0.42008402520840293,-0.4282895663715402
0.7027439861222499,-0.08746630510489395,1.7608374844469354,-1.094311467765736,-0.5350107736546242,-0.5465357250000211,-0.47643873166512696,-0.4843221048378526,2.2912878474779204,-0.4364357804719848,-0.42008402520840293,-0.4282895663715402
-1.2005670710222602,1.1534502427554363,-0.8639838968348471,-1.1632906407722827,0.7158114389279201,1.8297065576087663,-0.47643873166512696,-0.4843221048378526,-0.43643578047198484,-0.4364357804719848,-0.42008402520840293,2.334868926348074
0.9703320286201378,-1.1774817117297158,1.8491238439725841,1.026798102185578,-1.1604218799458963,-0.5465357250000211,-0.47643873166512696,-0.4843221048378526,2.2912878474779204,-0.4364357804719848,-0.42008402520840293,-0.4282895663715402
-1.2088966598937898,0.48904432260305436,-0.8648328041379783,-0.507988497210088,0.9091203263270415,-0.5465357250000211,-0.47643873166512696,2.064741604835056,-0.43643578047198484,-0.4364357804719848,-0.42008402520840293,-0.4282895663715402
-1.2130614543295546,1.039456590823052,-0.867379526047372,0.2852719923652001,0.4883892184583673,1.8297065576087663,-0.47643873166512696,-0.4843221048378526,-0.43643578047198484,-0.4364357804719848,-0.42008402520840293,2.334868926348074
-0.3280426367295362,0.7124093012179138,1.1148190267640647,1.6476106592444992,-1.3651018783684943,-0.5465357250000211,-0.47643873166512696,-0.4843221048378526,-0.43643578047198484,-0.4364357804719848,2.3804761428476167,-0.4282895663715402
0.5080398462502458,-1.5856685876448045,0.006994996177801395,0.2507824058619267,0.18136922082446946,-0.5465357250000211,-0.47643873166512696,2.064741604835056,-0.43643578047198484,-0.4364357804719848,-0.42008402520840293,-0.4282895663715402
-0.4675632503276568,-1.224913880063403,1.9993804366268129,1.1302668616953984,-1.7858329862371685,-0.5465357250000211,2.098905763822046,-0.4843221048378526,-0.43643578047198484,-0.4364357804719848,-0.42008402520840293,-0.4282895663715402
-0.27910630210929993,-0.8695637373895881,1.0587911447574032,0.3714959586233836,0.1927403318479469,-0.5465357250000211,2.098905763822046,-0.4843221048378526,-0.43643578047198484,-0.4364357804719848,-0.42008402520840293,-0.4282895663715402
0.7537627179603685,1.6275585880038503,-0.6509081637489067,-1.5254312990566534,-0.19387744295029402,-0.5465357250000211,-0.47643873166512696,-0.4843221048378526,2.2912878474779204,-0.4364357804719848,-0.42008402520840293,-0.4282895663715402
0.098848792936355,-1.297377717442754,1.8516705658819776,0.40598554512665697,-0.2848463311381155,-0.5465357250000211,2.098905763822046,-0.4843221048378526,-0.43643578047198484,-0.4364357804719848,-0.42008402520840293,-0.4282895663715402
-0.24995274105894635,1.0556702855458115,0.6173593471291603,1.319959587463402,0.32919366412967915,-0.5465357250000211,-0.47643873166512696,-0.4843221048378526,-0.43643578047198484,2.29128784747792,-0.42008402520840293,-0.4282895663715402
-0.5873010903558945,-1.3150847787847153,-0.43868133796609765,-0.12860304567408068,-0.13702188783290584,-0.5465357250000211,-0.47643873166512696,-0.4843221048378526,-0.43643578047198484,-0.4364357804719848,-0.42008402520840293,2.334868926348074
-0.42695650457895,1.1427122256364157,-0.08383808525724089,-1.1632906407722827,-1.2741329901806737,-0.5465357250000211,-0.47643873166512696,2.064741604835056,-0.43643578047198484,-0.4364357804719848,-0.42008402520840293,-0.4282895663715402
-0.7018329373394263,0.04871450802705634,-0.7434390597902115,-1.54267609230829,0.29508033105924686,-0.5465357250000211,-0.47643873166512696,-0.4843221048378526,-0.43643578047198484,-0.4364357804719848,2.3804761428476167,-0.4282895663715402
-1.1974434751954366,-1.474163880077756,-0.8631349895317159,-1.077066674514099,2.012118095604376,1.8297065576087663,-0.47643873166512696,2.064741604835056,-0.43643578047198484,-0.4364357804719848,-0.42008402520840293,-0.4282895663715402
0.8599649760723708,1.5288541657442434,-0.8665306187442408,0.07833447334555972,0.23822477594185765,-0.5465357250000211,2.098905763822046,-0.4843221048378526,-0.43643578047198484,-0.4364357804719848,-0.42008402520840293,-0.4282895663715402
0.8516353872008412,0.6740795579917409,1.25573763908385,0.7336366169077543,-1.2172774350632845,-0.5465357250000211,2.098905763822046,-0.4843221048378526,-0.43643578047198484,-0.4364357804719848,-0.42008402520840293,-0.4282895663715402
0.002017322304823571,1.4337764909884119,-0.8648328041379783,-0.6976812229780918,0.4429047743644566,1.8297065576087663,2.098905763822046,-0.4843221048378526,-0.43643578047198484,-0.4364357804719848,-0.42008402520840293,-0.4282895663715402
0.04991245831611868,0.32093390889865203,0.2616671871171723,0.04384488684228631,-0.011939666574651005,-0.5465357250000211,-0.47643873166512696,-0.4843221048378526,-0.43643578047198484,2.29128784747792,-0.42008402520840293,-0.4282895663715402
0.11446677207047297,-0.1545255775766585,-0.1076074897449155,0.2507824058619267,0.022173666495782316,-0.5465357250000211,2.098905763822046,-0.4843221048378526,-0.43643578047198484,-0.4364357804719848,-0.42008402520840293,-0.4282895663715402
1.8522272503933326,-0.4682747930012876,-0.8631349895317159,-0.3872749444486312,-0.05742411066856176,1.8297065576087663,-0.47643873166512696,-0.4843221048378526,-0.43643578047198484,-0.4364357804719848,2.3804761428476167,-0.4282895663715402
1.6148339675547394,1.1725795580204466,-0.8622860822285846,0.6646574439012075,1.6141292097826567,1.8297065576087663,-0.47643873166512696,-0.4843221048378526,-0.43643578047198484,2.29128784747792,-0.42008402520840293,-0.4282895663715402
1.2264668864196726,0.009389187054749027,1.8686487119446025,1.3027147942117654,-0.0005685555511735688,-0.5465357250000211,2.098905763822046,-0.4843221048378526,-0.43643578047198484,-0.4364357804719848,-0.42008402520840293,-0.4282895663715402
1.1525417851848474,-0.28736409398944346,0.4645560325655378,0.9060845494241213,-1.7289774311197803,-0.5465357250000211,-0.47643873166512696,-0.4843221048378526,-0.43643578047198484,2.29128784747792,-0.42008402520840293,-0.4282895663715402
1.7366542048008595,0.5787174324512995,0.6530134538606722,-0.283806184938811,-0.5008974405841908,-0.5465357250000211,-0.47643873166512696,2.064741604835056,-0.43643578047198484,-0.4364357804719848,-0.42008402520840293,-0.4282895663715402
-1.204731865458025,1.3881932527546885,-0.8682284333505033,-0.6114572567199082,0.10177144366012539,1.8297065576087663,2.098905763822046,-0.4843221048378526,-0.43643578047198484,-0.4364357804719848,-0.42008402520840293,-0.4282895663715402
0.3622720409984781,1.0092336949582588,0.5681227235475486,0.802615789914301,-1.5584107657676158,-0.5465357250000211,-0.47643873166512696,-0.4843221048378526,-0.43643578047198484,2.29128784747792,-0.42008402520840293,-0.4282895663715402
-1.1859902904970834,-0.041029714517341186,-0.8682284333505033,1.5441418997346792,0.40879144129402323,1.8297065576087663,-0.47643873166512696,-0.4843221048378526,-0.43643578047198484,-0.4364357804719848,-0.42008402520840293,2.334868926348074
0.8891185371227244,0.579428559412824,-0.7052382311493058,1.4751627267281324,-1.2855041012041513,-0.5465357250000211,2.098905763822046,-0.4843221048378526,-0.43643578047198484,-0.4364357804719848,-0.42008402520840293,-0.4282895663715402
-1.2005670710222602,0.2449144367116782,-0.8622860822285846,0.6474126506495708,1.0114603255383405,1.8297065576087663,-0.47643873166512696,2.064741604835056,-0.43643578047198484,-0.4364357804719848,-0.42008402520840293,-0.4282895663715402
0.49971025737871627,-1.3198493294269298,0.7625224959646018,-0.852884362242822,-0.4212996634198478,-0.5465357250000211,-0.47643873166512696,-0.4843221048378526,-0.43643578047198484,-0.4364357804719848,2.3804761428476167,-0.4282895663715402
-1.2016082696312014,0.8448211414537841,-0.8614371749254534,0.16455843960374322,1.5686447656887461,-0.5465357250000211,-0.47643873166512696,-0.4843221048378526,-0.43643578047198484,2.29128784747792,-0.42008402520840293,-0.4282895663715402
-1.2088966598937898,0.5405299146174314,-0.8690773406536345,1.5613866929863158,1.30710921214876,-0.5465357250000211,-0.47643873166512696,2.064741604835056,-0.43643578047198484,-0.4364357804719848,-0.42008402520840293,-0.4282895663715402
0.03012968474623592,0.954192468136259,-0.34954607113731784,-0.7321708094813651,0.34056477515315764,-0.5465357250000211,-0.47643873166512696,-0.4843221048378526,-0.43643578047198484,-0.4364357804719848,2.3804761428476167,-0.4282895663715402
1.2899800015650855,1.3135249217946114,-0.8665306187442408,-1.2495146070304661,0.11314255468360383,-0.5465357250000211,-0.47643873166512696,2.064741604835056,-0.43643578047198484,-0.4364357804719848,-0.42008402520840293,-0.4282895663715402
1.376399486107205,0.580993038728178,2.014660768083175,-0.3527853579453578,-0.5463818846781017,-0.5465357250000211,-0.47643873166512696,-0.4843221048378526,-0.43643578047198484,-0.4364357804719848,2.3804761428476167,-0.4282895663715402
1.843897661521803,-1.2466032523899016,1.4348570800445408,-1.3529833665402864,-0.48952632956071346,-0.5465357250000211,-0.47643873166512696,-0.4843221048378526,-0.43643578047198484,2.29128784747792,-0.42008402520840293,-0.4282895663715402
-0.7112037248198971,1.6658883312300232,0.14621579389132416,-1.5944104720632002,-1.6493796539554362,-0.5465357250000211,-0.47643873166512696,-0.4843221048378526,-0.43643578047198484,-0.4364357804719848,2.3804761428476167,-0.4282895663715402
1.497178524744384,-0.6525277887322971,0.6224527909479477,1.613121072741226,-1.3196174342745846,-0.5465357250000211,-0.47643873166512696,2.064741604835056,-0.43643578047198484,-0.4364357804719848,-0.42008402520840293,-0.4282895663715402
0.7214855610831914,1.6822442513450877,0.24638685566081003,1.492407519979769,-0.7055774390067898,-0.5465357250000211,-0.47643873166512696,2.064741604835056,-0.43643578047198484,-0.4364357804719848,-0.42008402520840293,-0.4282895663715402
1.124429422743435,-0.6502521824554185,-0.8682284333505033,0.578433477643024,1.5345314326183137,-0.5465357250000211,-0.47643873166512696,-0.4843221048378526,-0.43643578047198484,-0.4364357804719848,2.3804761428476167,-0.4282895663715402
-1.204731865458025,-0.568330356487791,-0.8648328041379783,-1.0080875015075523,0.35193588617663507,-0.5465357250000211,2.098905763822046,-0.4843221048378526,-0.43643578047198484,-0.4364357804719848,-0.42008402520840293,-0.4282895663715402
0.5621821739151881,1.2007401856968185,0.41701722359018856,-1.3874729530435599,-0.15976410987986073,-0.5465357250000211,-0.47643873166512696,2.064741604835056,-0.43643578047198484,-0.4364357804719848,-0.42008402520840293,-0.4282895663715402
-1.18286669467026,0.5513390444326045,-0.8682284333505033,0.16455843960374322,1.6027580987591794,-0.5465357250000211,-0.47643873166512696,-0.4843221048378526,-0.43643578047198484,-0.4364357804719848,-0.42008402520840293,2.334868926348074
-1.0246045061111977,-0.29454647630084135,1.8907203018260146,-0.19758221868062747,-0.3189596642085479,-0.5465357250000211,2.098905763822046,-0.4843221048378526,-0.43643578047198484,-0.4364357804719848,-0.42008402520840293,-0.4282895663715402
1.4680249636940306,1.0500523825497676,0.8720315380685312,-1.197780227275556,0.022173666495782316,-0.5465357250000211,-0.47643873166512696,-0.4843221048378526,-0.43643578047198484,-0.4364357804719848,-0.42008402520840293,2.334868926348074
-0.5779303028754238,1.3086892584562444,-0.8614371749254534,-0.7149260162297284,1.5345314326183137,-0.5465357250000211,-0.47643873166512696,-0.4843221048378526,-0.43643578047198484,-0.4364357804719848,2.3804761428476167,-0.4282895663715402
-0.14895647599165016,0.20544689034706598,2.1666151753436664,1.7165898322510462,0.11314255468360383,-0.5465357250000211,-0.47643873166512696,2.064741604835056,-0.43643578047198484,-0.4364357804719848,-0.42008402520840293,-0.4282895663715402
-1.010027725586021,-0.20722008542562725,0.7625224959646018,-0.5252332904617247,-0.09153744373899508,-0.5465357250000211,-0.47643873166512696,-0.4843221048378526,-0.43643578047198484,2.29128784747792,-0.42008402520840293,-0.4282895663715402
0.2008862566125924,1.449279058749647,0.6496178246481473,-1.4564521260501064,-0.5691241067250575,-0.5465357250000211,-0.47643873166512696,-0.4843221048378526,2.2912878474779204,-0.4364357804719848,-0.42008402520840293,-0.4282895663715402
-0.19164561895823928,1.7510813412206636,-0.8631349895317159,0.7336366169077543,0.40879144129402323,1.8297065576087663,-0.47643873166512696,-0.4843221048378526,-0.43643578047198484,2.29128784747792,-0.42008402520840293,-0.4282895663715402
-0.9610913909657847,0.06421707578829142,-0.8648328041379783,-1.3529833665402864,1.8870358743461213,1.8297065576087663,2.098905763822046,-0.4843221048378526,-0.43643578047198484,-0.4364357804719848,-0.42008402520840293,-0.4282895663715402
-1.1932786807596718,-0.9900286446718459,-0.8665306187442408,1.388938760469949,0.8636358822331308,1.8297065576087663,-0.47643873166512696,-0.4843221048378526,-0.43643578047198484,-0.4364357804719848,2.3804761428476167,-0.4282895663715402
0.8672533663349592,0.8539946792574507,-0.867379526047372,0.061089680093923,1.7846958751348223,1.8297065576087663,-0.47643873166512696,-0.4843221048378526,-0.43643578047198484,2.29128784747792,-0.42008402520840293,-0.4282895663715402
-0.978791767317785,0.9292319117867475,1.2829026727840496,-1.025332294759189,0.11314255468360383,-0.5465357250000211,-0.47643873166512696,2.064741604835056,-0.43643578047198484,-0.4364357804719848,-0.42008402520840293,-0.4282895663715402
-0.7965820107530753,-0.5239560340886594,-0.8622860822285846,1.440673140224859,0.04491588854273719,1.8297065576087663,-0.47643873166512696,2.064741604835056,-0.43643578047198484,-0.4364357804719848,-0.42008402520840293,-0.4282895663715402
1.6366991383425045,-0.726840556211612,1.917036428223083,-0.2320718051839009,-1.694864098049347,-0.5465357250000211,-0.47643873166512696,2.064741604835056,-0.43643578047198484,-0.4364357804719848,-0.42008402520840293,-0.4282895663715402
0.750639122133545,-0.04977657614409309,-0.8639838968348471,0.26802719911356343,1.5459025436417912,-0.5465357250000211,-0.47643873166512696,2.064741604835056,-0.43643578047198484,-0.4364357804719848,-0.42008402520840293,-0.4282895663715402
1.1431709977043767,0.6458478176192164,0.7039478920485465,-1.0425770880108258,-1.2059063240398071,-0.5465357250000211,2.098905763822046,-0.4843221048378526,-0.43643578047198484,-0.4364357804719848,-0.42008402520840293,-0.4282895663715402
-1.2036906668490839,0.08803982899936366,-0.8614371749254534,-0.6631916364748184,1.30710921214876,1.8297065576087663,-0.47643873166512696,-0.4843221048378526,-0.43643578047198484,2.29128784747792,-0.42008402520840293,-0.4282895663715402
0.01867650004788274,1.5346142941325922,0.38221202416180783,-0.8701291554944588,-1.2741329901806737,-0.5465357250000211,-0.47643873166512696,-0.4843221048378526,-0.43643578047198484,-0.4364357804719848,-0.42008402520840293,2.334868926348074
0.4986690587697751,-0.8862041082892624,0.9959720043256917,0.07833447334555972,-0.5463818846781017,-0.5465357250000211,-0.47643873166512696,-0.4843221048378526,2.2912878474779204,-0.4364357804719848,-0.42008402520840293,-0.4282895663715402
0.5590585780883646,-1.4645636660971746,2.149637029281042,0.3714959586233836,-0.22799077602072634,-0.5465357250000211,-0.47643873166512696,2.064741604835056,-0.43643578047198484,-0.4364357804719848,-0.42008402520840293,-0.4282895663715402
-0.7965820107530753,0.9363431814019929,1.3864693637660603,-0.9908427082559156,-1.615266320885004,-0.5465357250000211,2.098905763822046,-0.4843221048378526,-0.43643578047198484,-0.4364357804719848,-0.42008402520840293,-0.4282895663715402
-1.1932786807596718,-1.3906064620986218,-0.867379526047372,0.7336366169077543,0.47701810743488887,-0.5465357250000211,-0.47643873166512696,-0.4843221048378526,2.2912878474779204,-0.4364357804719848,-0.42008402520840293,-0.4282895663715402
-0.2332935633158872,1.7020135808754702,-0.8648328041379783,-0.9908427082559156,1.0342025475852954,1.8297065576087663,-0.47643873166512696,-0.4843221048378526,-0.43643578047198484,-0.4364357804719848,-0.42008402520840293,2.334868926348074
1.7345718075829772,-1.4980577459849806,-0.8622860822285846,0.2852719923652001,-0.0687952216920392,-0.5465357250000211,-0.47643873166512696,-0.4843221048378526,2.2912878474779204,-0.4364357804719848,-0.42008402520840293,-0.4282895663715402
0.22066903018247516,0.01756714711228129,-0.8665306187442408,-1.5081865058050166,0.738553660974876,1.8297065576087663,-0.47643873166512696,-0.4843221048378526,-0.43643578047198484,2.29128784747792,-0.42008402520840293,-0.4282895663715402
-1.1391363530947296,-0.657221226678359,0.5511445774849238,0.18180323285537991,-1.1149374358519857,-0.5465357250000211,-0.47643873166512696,-0.4843221048378526,-0.43643578047198484,2.29128784747792,-0.42008402520840293,-0.4282895663715402
-1.2088966598937898,-1.643625435009055,-0.8614371749254534,1.5786314862379527,0.03354477751925975,1.8297065576087663,-0.47643873166512696,-0.4843221048378526,2.2912878474779204,-0.4364357804719848,-0.42008402520840293,-0.4282895663715402
-0.49151081833330434,-0.9805706560835695,-0.8682284333505033,-0.5769676702166349,0.6021003286931437,-0.5465357250000211,-0.47643873166512696,2.064741604835056,-0.43643578047198484,-0.4364357804719848,-0.42008402520840293,-0.4282895663715402
-0.1229265107681202,1.513280485286856,0.6148126252197667,-1.4392073327984698,-0.7396907720772221,-0.5465357250000211,-0.47643873166512696,-0.4843221048378526,-0.43643578047198484,-0.4364357804719848,-0.42008402520840293,2.334868926348074
1.212931304503437,-1.029922867213373,0.11141059446294346,1.2854700009601288,0.34056477515315764,-0.5465357250000211,-0.47643873166512696,-0.4843221048378526,-0.43643578047198484,2.29128784747792,-0.42008402520840293,-0.4282895663715402
-0.4456980795398916,-0.9191292866078489,0.3771185803430204,0.1300688531004698,-1.8199463193076018,-0.5465357250000211,-0.47643873166512696,-0.4843221048378526,-0.43643578047198484,-0.4364357804719848,2.3804761428476167,-0.4282895663715402
1.5617328384987383,-1.3220538230076557,-0.8665306187442408,1.6303658659928626,1.9552625404869879,-0.5465357250000211,2.098905763822046,-0.4843221048378526,-0.43643578047198484,-0.4364357804719848,-0.42008402520840293,-0.4282895663715402
-0.3509490061262426,-0.6723682309588319,-0.8622860822285846,-0.5252332904617247,-0.1825063319268166,1.8297065576087663,-0.47643873166512696,-0.4843221048378526,-0.43643578047198484,2.29128784747792,-0.42008402520840293,-0.4282895663715402
1.434706608207912,-0.6100735091292818,0.09273463379405626,0.750881410159391,-0.4554129964902801,-0.5465357250000211,-0.47643873166512696,-0.4843221048378526,-0.43643578047198484,-0.4364357804719848,2.3804761428476167,-0.4282895663715402
1.8105793060356847,-0.9502055348264714,1.9043028186761144,1.1475116549470352,0.34056477515315764,-0.5465357250000211,-0.47643873166512696,-0.4843221048378526,2.2912878474779204,-0.4364357804719848,-0.42008402520840293,-0.4282895663715402
0.9588788439217846,-0.17116594847633285,0.7769539201178327,-0.16309263217735406,-0.9329996594763426,-0.5465357250000211,-0.47643873166512696,-0.4843221048378526,-0.43643578047198484,-0.4364357804719848,2.3804761428476167,-0.4282895663715402
-1.1026944017817877,0.5405299146174314,-0.8690773406536345,0.7163918236561175,1.5345314326183137,1.8297065576087663,-0.47643873166512696,-0.4843221048378526,2.2912878474779204,-0.4364357804719848,-0.42008402520840293,-0.4282895663715402
0.9859500077542558,0.6660438233265135,0.433146462349682,-0.6459468432231816,0.11314255468360383,-0.5465357250000211,-0.47643873166512696,-0.4843221048378526,2.2912878474779204,-0.4364357804719848,-0.42008402520840293,-0.4282895663715402
0.19672146217682762,-1.4175581739404022,-0.5923335598328514,1.2164908279535818,-0.7283196610537447,-0.5465357250000211,-0.47643873166512696,2.064741604835056,-0.43643578047198484,-0.4364357804719848,-0.42008402520840293,-0.4282895663715402
1.0213507604582566,-0.1562322822843174,-0.6432679980207257,1.1647564481986719,-0.9784841035702533,-0.5465357250000211,-0.47643873166512696,2.064741604835056,-0.43643578047198484,-0.4364357804719848,-0.42008402520840293,-0.4282895663715402
-1.1859902904970834,-1.6525145220281117,-0.8656817114411095,-1.3529833665402864,-0.19387744295029402,1.8297065576087663,-0.47643873166512696,-0.4843221048378526,-0.43643578047198484,-0.4364357804719848,2.3804761428476167,-0.4282895663715402
-1.1297655656142587,1.3876954638816215,-0.8622860822285846,-1.3357385732886498,0.37467810822358993,1.8297065576087663,-0.47643873166512696,-0.4843221048378526,-0.43643578047198484,2.29128784747792,-0.42008402520840293,-0.4282895663715402
-0.6591437943728372,1.631754237076845,-0.8656817114411095,-0.801149982487912,1.2502536570313718,1.8297065576087663,2.098905763822046,-0.4843221048378526,-0.43643578047198484,-0.4364357804719848,-0.42008402520840293,-0.4282895663715402
1.524249688576855,-0.8888352780469032,-0.8648328041379783,-1.2150250205271926,1.30710921214876,1.8297065576087663,-0.47643873166512696,2.064741604835056,-0.43643578047198484,-0.4364357804719848,-0.42008402520840293,-0.4282895663715402
0.38934320483094925,-0.5024799998506182,1.1683001868613327,1.3716939672183122,-1.512926321673705,-0.5465357250000211,-0.47643873166512696,-0.4843221048378526,-0.43643578047198484,2.29128784747792,-0.42008402520840293,-0.4282895663715402
-0.5831362959201297,0.3726328390014864,-0.22475669757702613,0.11282405984883312,-0.0005685555511735688,-0.5465357250000211,-0.47643873166512696,-0.4843221048378526,-0.43643578047198484,2.29128784747792,-0.42008402520840293,-0.4282895663715402
-1.0912412170834345,-0.07580382293589141,-0.723914191818193,-0.8873739487460954,-1.3082463232511061,-0.5465357250000211,-0.47643873166512696,-0.4843221048378526,-0.43643578047198484,-0.4364357804719848,2.3804761428476167,-0.4282895663715402
-0.784087627445781,1.2919777748604178,1.0070077992663977,0.8543501696692112,-1.1717929909693738,-0.5465357250000211,2.098905763822046,-0.4843221048378526,-0.43643578047198484,-0.4364357804719848,-0.42008402520840293,-0.4282895663715402
-1.2016082696312014,-0.2721459770128182,-0.8690773406536345,-0.37003015119699445,0.7612958830218308,-0.5465357250000211,-0.47643873166512696,-0.4843221048378526,-0.43643578047198484,-0.4364357804719848,2.3804761428476167,-0.4282895663715402
-0.43216249762365605,-0.6439942651940026,0.9212681616501429,1.0095533089339415,-0.48952632956071346,-0.5465357250000211,2.098905763822046,-0.4843221048378526,-0.43643578047198484,-0.4364357804719848,-0.42008402520840293,-0.4282895663715402
-0.21246959113706324,0.9976423254854087,-0.8648328041379783,0.4922095113848405,1.9211492074165546,-0.5465357250000211,-0.47643873166512696,2.064741604835056,-0.43643578047198484,-0.4364357804719848,-0.42008402520840293,-0.4282895663715402
0.9078601120836659,-1.4885997573967042,0.43908881347160067,0.802615789914301,0.16999810980099203,-0.5465357250000211,-0.47643873166512696,-0.4843221048378526,-0.43643578047198484,-0.4364357804719848,2.3804761428476167,-0.4282895663715402
-1.2068142626759073,-1.1351696575190056,-0.8656817114411095,-0.5597228769649982,1.1706558798670277,-0.5465357250000211,-0.47643873166512696,-0.4843221048378526,-0.43643578047198484,2.29128784747792,-0.42008402520840293,-0.4282895663715402
-0.3988441421375377,0.18503754655131155,1.6097319844895757,-1.4219625395468332,-0.6714641059363565,-0.5465357250000211,2.098905763822046,-0.4843221048378526,-0.43643578047198484,-0.4364357804719848,-0.42008402520840293,-0.4282895663715402
0.9422196661787254,-0.6231582452213333,2.122471995580842,-0.8183947757395487,0.06765811058969307,-0.5465357250000211,-0.47643873166512696,-0.4843221048378526,-0.43643578047198484,2.29128784747792,-0.42008402520840293,-0.4282895663715402
1.0109387743688445,0.46607492174581155,1.6309546670678565,0.11282405984883312,-0.10290855476247251,-0.5465357250000211,-0.47643873166512696,-0.4843221048378526,-0.43643578047198484,-0.4364357804719848,-0.42008402520840293,2.334868926348074
0.693373198641779,1.4065403283620217,-0.8648328041379783,1.319959587463402,1.3298514341957148,-0.5465357250000211,-0.47643873166512696,-0.4843221048378526,-0.43643578047198484,2.29128784747792,-0.42008402520840293,-0.4282895663715402
-0.12396770937706139,0.377895178516768,-0.7714530007935423,-1.3357385732886498,0.272338109012291,-0.5465357250000211,-0.47643873166512696,-0.4843221048378526,2.2912878474779204,-0.4364357804719848,-0.42008402520840293,-0.4282895663715402
0.6121597071443656,0.8200028104965774,-0.33511464698408683,0.750881410159391,-0.22799077602072634,-0.5465357250000211,-0.47643873166512696,-0.4843221048378526,2.2912878474779204,-0.4364357804719848,-0.42008402520840293,-0.4282895663715402
0.7475155263067214,0.7996645793969754,2.112285107943267,1.492407519979769,-0.8306596602650437,-0.5465357250000211,-0.47643873166512696,-0.4843221048378526,-0.43643578047198484,-0.4364357804719848,2.3804761428476167,-0.4282895663715402
-1.2036906668490839,0.15253904440963986,-0.8656817114411095,1.3716939672183122,0.12451366570708126,-0.5465357250000211,-0.47643873166512696,-0.4843221048378526,-0.43643578047198484,2.29128784747792,-0.42008402520840293,-0.4282895663715402
0.37060162987000766,-0.8586123821821101,1.802433942300366,0.9405741359273948,-0.864772993335477,-0.5465357250000211,-0.47643873166512696,-0.4843221048378526,-0.43643578047198484,2.29128784747792,-0.42008402520840293,-0.4282895663715402
-1.2088966598937898,0.545010014475036,-0.8622860822285846,-1.6978792315730202,1.5800158767122245,1.8297065576087663,-0.47643873166512696,-0.4843221048378526,-0.43643578047198484,2.29128784747792,-0.42008402520840293,-0.4282895663715402
-1.189113886323907,0.6934222113452084,-0.8614371749254534,-0.7494156027330019,0.43153366334097815,-0.5465357250000211,2.098905763822046,-0.4843221048378526,-0.43643578047198484,-0.4364357804719848,-0.42008402520840293,-0.4282895663715402
-0.38010256717659613,-0.0015621681527289606,0.591043220732092,-1.663389645069747,0.11314255468360383,-0.5465357250000211,-0.47643873166512696,2.064741604835056,-0.43643578047198484,-0.4364357804719848,-0.42008402520840293,-0.4282895663715402
1.2639500363415557,-0.17145039926094266,1.4925827766574649,-1.025332294759189,-0.762432994124178,-0.5465357250000211,-0.47643873166512696,-0.4843221048378526,-0.43643578047198484,-0.4364357804719848,-0.42008402520840293,2.334868926348074
0.5142870379038931,-0.07672828798587332,-0.8614371749254534,-0.6631916364748184,1.4549336554539696,-0.5465357250000211,2.098905763822046,-0.4843221048378526,-0.43643578047198484,-0.4364357804719848,-0.42008402520840293,-0.4282895663715402
1.4690661623029717,-1.6740616689623053,-0.8639838968348471,-1.64614485181811,0.022173666495782316,1.8297065576087663,-0.47643873166512696,2.064741604835056,-0.43643578047198484,-0.4364357804719848,-0.42008402520840293,-0.4282895663715402
0.6819200139434259,0.3030846221643859,-0.0023429841566422046,-0.9046187419977322,-0.2734752201146371,-0.5465357250000211,-0.47643873166512696,-0.4843221048378526,-0.43643578047198484,-0.4364357804719848,2.3804761428476167,-0.4282895663715402
-0.03963062205282435,-1.1367341368343595,-0.7748486300060673,1.3716939672183122,-0.5008974405841908,-0.5465357250000211,2.098905763822046,-0.4843221048378526,-0.43643578047198484,-0.4364357804719848,-0.42008402520840293,-0.4282895663715402
0.7027439861222499,1.2019491015314103,2.128414346702761,-0.4734989107068147,-0.3871863303494145,-0.5465357250000211,-0.47643873166512696,-0.4843221048378526,2.2912878474779204,-0.4364357804719848,-0.42008402520840293,-0.4282895663715402
-0.016724252656117995,-1.4919420541158694,-0.3690709391093363,-0.5942124634682716,-0.14839299885638327,-0.5465357250000211,-0.47643873166512696,-0.4843221048378526,-0.43643578047198484,2.29128784747792,-0.42008402520840293,-0.4282895663715402
-1.1859902904970834,-1.2355096717901188,-0.8656817114411095,0.5266990978881139,0.5452447735757555,-0.5465357250000211,-0.47643873166512696,-0.4843221048378526,-0.43643578047198484,-0.4364357804719848,-0.42008402520840293,2.334868926348074
1.7845493408121547,-1.2955287873427903,-0.867379526047372,-1.2840041935337396,1.409449211360059,-0.5465357250000211,-0.47643873166512696,-0.4843221048378526,-0.43643578047198484,-0.4364357804719848,-0.42008402520840293,2.334868926348074
0.16132070947282687,-0.605877860056287,1.5375748637234206,-0.8183947757395487,-1.0353396586876424,-0.5465357250000211,-0.47643873166512696,-0.4843221048378526,-0.43643578047198484,-0.4364357804719848,2.3804761428476167,-0.4282895663715402
-0.5852186931380121,-0.050701041194074994,-0.8690773406536345,-0.5597228769649982,0.40879144129402323,1.8297065576087663,-0.47643873166512696,-0.4843221048378526,2.2912878474779204,-0.4364357804719848,-0.42008402520840293,-0.4282895663715402
0.7037851847311911,-0.06684362322068216,1.4934316839605961,-1.1632906407722827,-1.4219574334858835,-0.5465357250000211,-0.47643873166512696,-0.4843221048378526,-0.43643578047198484,-0.4364357804719848,2.3804761428476167,-0.4282895663715402
-1.183907893279201,-1.311102467800178,-0.8614371749254534,0.6474126506495708,0.7726669940453093,1.8297065576087663,2.098905763822046,-0.4843221048378526,-0.43643578047198484,-0.4364357804719848,-0.42008402520840293,-0.4282895663715402
1.55444444823615,-1.5600680170299208,0.3601404342803957,0.7163918236561175,0.1358847767305587,-0.5465357250000211,-0.47643873166512696,-0.4843221048378526,-0.43643578047198484,-0.4364357804719848,2.3804761428476167,-0.4282895663715402
1.0390511368102568,-0.18368178299916482,-0.6458147199301193,1.3372043807150389,-1.615266320885004,-0.5465357250000211,2.098905763822046,-0.4843221048378526,-0.43643578047198484,-0.4364357804719848,-0.42008402520840293,-0.4282895663715402
-0.4436156823220092,1.5542413982706698,0.12414420400991201,1.3544491739666755,0.11314255468360383,-0.5465357250000211,-0.47643873166512696,-0.4843221048378526,2.2912878474779204,-0.4364357804719848,-0.42008402520840293,-0.4282895663715402
1.6158751661636805,0.2528790586807531,1.4272169143163598,-0.9563531217526423,-0.7169485500302673,-0.5465357250000211,2.098905763822046,-0.4843221048378526,-0.43643578047198484,-0.4364357804719848,-0.42008402520840293,-0.4282895663715402
0.02908848613729472,1.1014668618679921,0.7149836869892525,-0.11135825242244397,-0.8079174382180887,-0.5465357250000211,-0.47643873166512696,-0.4843221048378526,-0.43643578047198484,-0.4364357804719848,2.3804761428476167,-0.4282895663715402
-1.0391812866363745,0.8327319831078668,0.9832383947787232,-0.9218635352493689,0.20411144287142535,-0.5465357250000211,-0.47643873166512696,2.064741604835056,-0.43643578047198484,-0.4364357804719848,-0.42008402520840293,-0.4282895663715402
1.4857253400460309,0.1429388304290585,-0.8665306187442408,-0.6804364297264551,1.1706558798670277,1.8297065576087663,-0.47643873166512696,-0.4843221048378526,-0.43643578047198484,-0.4364357804719848,-0.42008402520840293,2.334868926348074
-1.1964022765864955,-1.2730571753586146,-0.8656817114411095,0.8715949629208479,1.2161403239609385,1.8297065576087663,-0.47643873166512696,2.064741604835056,-0.43643578047198484,-0.4364357804719848,-0.42008402520840293,-0.4282895663715402
-0.3832261630034197,-0.16903256759175922,1.2854493946934433,-1.5599208855599267,-1.1035663248285081,-0.5465357250000211,2.098905763822046,-0.4843221048378526,-0.43643578047198484,-0.4364357804719848,-0.42008402520840293,-0.4282895663715402
0.3383244729928305,-0.09294198270863294,0.7803495493303577,1.613121072741226,-0.5122685516076684,-0.5465357250000211,-0.47643873166512696,-0.4843221048378526,-0.43643578047198484,2.29128784747792,-0.42008402520840293,-0.4282895663715402
-0.36864938247824297,-0.9057600997311874,0.5214328218753306,1.0095533089339415,-0.6146085508189683,-0.5465357250000211,2.098905763822046,-0.4843221048378526,-0.43643578047198484,-0.4364357804719848,-0.42008402520840293,-0.4282895663715402
-1.1610015238824947,-0.8606035376743788,-0.49470921997275924,0.23353761261029005,0.18136922082446946,-0.5465357250000211,2.098905763822046,-0.4843221048378526,-0.43643578047198484,-0.4364357804719848,-0.42008402520840293,-0.4282895663715402
-1.1776607016255538,-0.20238442208726035,0.619906069038554,-0.9563531217526423,-0.15976410987986073,-0.5465357250000211,-0.47643873166512696,-0.4843221048378526,-0.43643578047198484,-0.4364357804719848,-0.42008402520840293,2.334868926348074
-1.2068142626759073,1.3769574467626007,-0.8682284333505033,1.1647564481986719,0.40879144129402323,1.8297065576087663,-0.47643873166512696,2.064741604835056,-0.43643578047198484,-0.4364357804719848,-0.42008402520840293,-0.4282895663715402
-1.1922374821507307,1.1805441799895215,-0.8631349895317159,1.6303658659928626,1.4663047664774471,-0.5465357250000211,-0.47643873166512696,-0.4843221048378526,2.2912878474779204,-0.4364357804719848,-0.42008402520840293,-0.4282895663715402
0.40391998535612605,-0.8155892010098752,-0.5159319025510402,0.1300688531004698,-0.03468188862160588,-0.5465357250000211,-0.47643873166512696,-0.4843221048378526,-0.43643578047198484,-0.4364357804719848,2.3804761428476167,-0.4282895663715402
-0.4092561282269497,0.9684150073667499,0.1937546028666734,-0.9563531217526423,-0.2734752201146371,-0.5465357250000211,2.098905763822046,-0.4843221048378526,-0.43643578047198484,-0.4364357804719848,-0.42008402520840293,-0.4282895663715402
0.043665266662471496,-1.2613235804934597,-0.8614371749254534,0.47496471813320384,0.2495958869653361,-0.5465357250000211,2.098905763822046,-0.4843221048378526,-0.43643578047198484,-0.4364357804719848,-0.42008402520840293,-0.4282895663715402
-1.2088966598937898,0.8796663625684867,-0.8656817114411095,-1.3529833665402864,1.2957381011252824,1.8297065576087663,-0.47643873166512696,-0.4843221048378526,-0.43643578047198484,-0.4364357804719848,2.3804761428476167,-0.4282895663715402
0.3206240966408302,1.5232362627481995,1.7820601670252163,-1.1632906407722827,-0.6600929949128791,-0.5465357250000211,-0.47643873166512696,-0.4843221048378526,-0.43643578047198484,2.29128784747792,-0.42008402520840293,-0.4282895663715402
0.05199485553400108,-0.5193337088387499,-0.8614371749254534,0.8715949629208479,-0.05742411066856176,-0.5465357250000211,2.098905763822046,-0.4843221048378526,-0.43643578047198484,-0.4364357804719848,-0.42008402520840293,-0.4282895663715402
0.2123394413109456,-1.1582812837685532,1.2939384677247556,0.1300688531004698,0.11314255468360383,-0.5465357250000211,-0.47643873166512696,-0.4843221048378526,-0.43643578047198484,-0.4364357804719848,2.3804761428476167,-0.4282895663715402
1.8220324907340377,-0.4656436232436468,-0.8622860822285846,0.04384488684228631,0.6248425507400996,1.8297065576087663,-0.47643873166512696,2.064741604835056,-0.43643578047198484,-0.4364357804719848,-0.42008402520840293,-0.4282895663715402
-0.9569265965300199,-1.1428498287034705,0.05877834166880681,-0.852884362242822,0.14725588775403614,-0.5465357250000211,-0.47643873166512696,-0.4843221048378526,-0.43643578047198484,2.29128784747792,-0.42008402520840293,-0.4282895663715402
-0.47797523641706874,-1.1523789299878995,-0.0031918914597734408,1.2509804144568553,-0.19387744295029402,-0.5465357250000211,-0.47643873166512696,-0.4843221048378526,-0.43643578047198484,2.29128784747792,-0.42008402520840293,-0.4282895663715402
-0.3467842116904778,0.7996645793969754,-0.2773889503711628,-1.715124024824657,0.272338109012291,-0.5465357250000211,2.098905763822046,-0.4843221048378526,-0.43643578047198484,-0.4364357804719848,-0.42008402520840293,-0.4282895663715402
-1.2078554612848487,-0.8091890583561543,-0.8690773406536345,-0.6631916364748184,1.0683158806557287,1.8297065576087663,-0.47643873166512696,2.064741604835056,-0.43643578047198484,-0.4364357804719848,-0.42008402520840293,-0.4282895663715402
-0.30513626733282984,-0.47140375163199555,-0.6831666412678937,-0.801149982487912,0.28370922003576843,-0.5465357250000211,-0.47643873166512696,-0.4843221048378526,2.2912878474779204,-0.4364357804719848,-0.42008402520840293,-0.4282895663715402
0.11134317624364937,-1.7093335662539229,1.8949648383416708,-0.4390093242035413,-0.8192885492415661,-0.5465357250000211,-0.47643873166512696,-0.4843221048378526,2.2912878474779204,-0.4364357804719848,-0.42008402520840293,-0.4282895663715402
0.6277776862784836,-0.3938909128258202,1.759139669840673,0.1473136463521065,-1.5697818767910932,-0.5465357250000211,2.098905763822046,-0.4843221048378526,-0.43643578047198484,-0.4364357804719848,-0.42008402520840293,-0.4282895663715402
0.887036139904842,0.42205616282744224,2.046070338299031,1.0095533089339415,-1.694864098049347,-0.5465357250000211,-0.47643873166512696,-0.4843221048378526,-0.43643578047198484,-0.4364357804719848,2.3804761428476167,-0.4282895663715402
0.6496428570662488,0.29732449377603715,-0.712878396877487,-0.9218635352493689,-0.2734752201146371,-0.5465357250000211,-0.47643873166512696,-0.4843221048378526,-0.43643578047198484,-0.4364357804719848,-0.42008402520840293,2.334868926348074
1.145253394922259,0.8345809132078306,0.6572579903763284,0.2852719923652001,-0.7283196610537447,-0.5465357250000211,-0.47643873166512696,-0.4843221048378526,-0.43643578047198484,-0.4364357804719848,-0.42008402520840293,2.334868926348074
1.0536279173354337,1.2786085879837563,-0.8656817114411095,1.2164908279535818,0.11314255468360383,-0.5465357250000211,-0.47643873166512696,-0.4843221048378526,-0.43643578047198484,-0.4364357804719848,2.3804761428476167,-0.4282895663715402
-1.1974434751954366,-0.7436231525035912,-0.8665306187442408,-1.2495146070304661,0.06765811058969307,-0.5465357250000211,-0.47643873166512696,-0.4843221048378526,2.2912878474779204,-0.4364357804719848,-0.42008402520840293,-0.4282895663715402
1.0963170603020227,0.6477678604153327,2.0078695096581254,-1.2495146070304661,-1.490184099626749,-0.5465357250000211,-0.47643873166512696,-0.4843221048378526,2.2912878474779204,-0.4364357804719848,-0.42008402520840293,-0.4282895663715402
1.5679800301523854,-0.34325867316527264,0.4501246084123067,0.3542511653717469,-0.944370770499821,-0.5465357250000211,-0.47643873166512696,-0.4843221048378526,2.2912878474779204,-0.4364357804719848,-0.42008402520840293,-0.4282895663715402
0.8932833315584892,0.833087546588629,-0.8682284333505033,1.664855452496136,2.034860317651331,1.8297065576087663,-0.47643873166512696,2.064741604835056,-0.43643578047198484,-0.4364357804719848,-0.42008402520840293,-0.4282895663715402
0.6798376167255435,-1.1493210840533439,1.3907139002817166,-0.21482701193226417,-0.6373507728659231,-0.5465357250000211,-0.47643873166512696,-0.4843221048378526,-0.43643578047198484,2.29128784747792,-0.42008402520840293,-0.4282895663715402
1.4086766429843822,-0.35776566318037334,0.023124234937294885,1.1820012414503085,-1.6721218760023921,-0.5465357250000211,-0.47643873166512696,2.064741604835056,-0.43643578047198484,-0.4364357804719848,-0.42008402520840293,-0.4282895663715402
-1.1870314891060247,0.44708783187310625,-0.867379526047372,0.750881410159391,0.12451366570708126,-0.5465357250000211,-0.47643873166512696,-0.4843221048378526,-0.43643578047198484,-0.4364357804719848,-0.42008402520840293,2.334868926348074
1.3472459250568516,-1.6067890584020834,-0.4811267031226595,-0.7839051892362753,-0.0687952216920392,-0.5465357250000211,-0.47643873166512696,-0.4843221048378526,2.2912878474779204,-0.4364357804719848,-0.42008402520840293,-0.4282895663715402
-1.1287243670053175,0.5627881885131496,-0.03545036897876042,1.2337356212052186,-0.03468188862160588,-0.5465357250000211,-0.47643873166512696,-0.4843221048378526,2.2912878474779204,-0.4364357804719848,-0.42008402520840293,-0.4282895663715402
1.9053283794493336,1.5839665052623957,0.33552212248958985,1.319959587463402,0.3178225531062017,-0.5465357250000211,-0.47643873166512696,2.064741604835056,-0.43643578047198484,-0.4364357804719848,-0.42008402520840293,-0.4282895663715402
-1.1880726877149659,0.4319408275926334,-0.8682284333505033,0.6129230641462974,0.056286999566215634,-0.5465357250000211,-0.47643873166512696,-0.4843221048378526,2.2912878474779204,-0.4364357804719848,-0.42008402520840293,-0.4282895663715402
-1.2130614543295546,-0.9514855633572157,-0.8682284333505033,-0.8183947757395487,1.045573658608773,1.8297065576087663,-0.47643873166512696,2.064741604835056,-0.43643578047198484,-0.4364357804719848,-0.42008402520840293,-0.4282895663715402
-0.6799677665516611,-0.27470603407430655,-0.13816815265764001,-1.1288010542690092,-1.854059652378035,-0.5465357250000211,2.098905763822046,-0.4843221048378526,-0.43643578047198484,-0.4364357804719848,-0.42008402520840293,-0.4282895663715402
-1.2088966598937898,0.7315386164829241,-0.867379526047372,-0.3010509781904477,1.7278403200174342,1.8297065576087663,-0.47643873166512696,-0.4843221048378526,2.2912878474779204,-0.4364357804719848,-0.42008402520840293,-0.4282895663715402
0.15923831225494448,1.5718773469164784,1.9942869928080253,0.40598554512665697,0.09040033263664794,-0.5465357250000211,-0.47643873166512696,-0.4843221048378526,-0.43643578047198484,2.29128784747792,-0.42008402520840293,-0.4282895663715402
1.3982646568949701,-0.8233404848904927,-0.8648328041379783,0.8198605831659378,0.4429047743644566,-0.5465357250000211,-0.47643873166512696,-0.4843221048378526,-0.43643578047198484,-0.4364357804719848,-0.42008402520840293,2.334868926348074
1.4451185942973241,0.6730839802456065,1.931467852376314,0.5439438911397506,-0.48952632956071346,-0.5465357250000211,2.098905763822046,-0.4843221048378526,-0.43643578047198484,-0.4364357804719848,-0.42008402520840293,-0.4282895663715402
1.5294556816215612,-0.6749994007164727,0.3295797713676712,-1.4392073327984698,-1.0353396586876424,-0.5465357250000211,-0.47643873166512696,-0.4843221048378526,-0.43643578047198484,-0.4364357804719848,-0.42008402520840293,2.334868926348074
1.3930586638502642,-0.19833099840657045,-0.867379526047372,-0.6459468432231816,1.3184803231722373,1.8297065576087663,2.098905763822046,-0.4843221048378526,-0.43643578047198484,-0.4364357804719848,-0.42008402520840293,-0.4282895663715402
1.0879874714304931,-0.767517018410816,-0.8648328041379783,0.8888397561724847,1.2502536570313718,-0.5465357250000211,-0.47643873166512696,-0.4843221048378526,-0.43643578047198484,2.29128784747792,-0.42008402520840293,-0.4282895663715402
0.05615964996976587,-0.22393156902145406,1.683586919861993,-0.6459468432231816,-0.03468188862160588,-0.5465357250000211,-0.47643873166512696,-0.4843221048378526,-0.43643578047198484,-0.4364357804719848,2.3804761428476167,-0.4282895663715402
-1.1568367294467299,1.5969801286582948,-0.4013294166283233,-1.3012489867853763,-1.7289774311197803,-0.5465357250000211,2.098905763822046,-0.4843221048378526,-0.43643578047198484,-0.4364357804719848,-0.42008402520840293,-0.4282895663715402
0.16860909973541527,1.6764841229567389,-0.8614371749254534,0.4232303383782937,0.5225025515287997,1.8297065576087663,2.098905763822046,-0.4843221048378526,-0.43643578047198484,-0.4364357804719848,-0.42008402520840293,-0.4282895663715402
-0.9111138577366071,1.0769329816953954,-0.8639838968348471,0.4922095113848405,1.7278403200174342,1.8297065576087663,-0.47643873166512696,-0.4843221048378526,-0.43643578047198484,-0.4364357804719848,-0.42008402520840293,2.334868926348074
-0.037548224834941954,0.2521679317192286,-0.8639838968348471,0.009355300339012912,1.1592847688435501,-0.5465357250000211,-0.47643873166512696,-0.4843221048378526,-0.43643578047198484,-0.4364357804719848,2.3804761428476167,-0.4282895663715402
-1.2078554612848487,-0.8924620255506784,-0.8665306187442408,0.16455843960374322,1.773324764111345,1.8297065576087663,-0.47643873166512696,-0.4843221048378526,2.2912878474779204,-0.4364357804719848,-0.42008402520840293,-0.4282895663715402
-0.9152786521723719,0.032074137127381996,-0.8639838968348471,-0.6114572567199082,1.7619536530878674,-0.5465357250000211,-0.47643873166512696,-0.4843221048378526,2.2912878474779204,-0.4364357804719848,-0.42008402520840293,-0.4282895663715402
0.0426240680535303,-1.6889242224581684,0.04264910290931332,-0.16309263217735406,-0.4554129964902801,-0.5465357250000211,-0.47643873166512696,-0.4843221048378526,-0.43643578047198484,-0.4364357804719848,-0.42008402520840293,2.334868926348074
0.6777552195076612,0.9438811271941531,2.0443725236927683,-0.6114572567199082,-0.9216285484528651,-0.5465357250000211,-0.47643873166512696,-0.4843221048378526,2.2912878474779204,-0.4364357804719848,-0.42008402520840293,-0.4282895663715402
0.46743310050153913,0.4324386164657006,-0.8648328041379783,-0.4390093242035413,0.23822477594185765,1.8297065576087663,-0.47643873166512696,-0.4843221048378526,-0.43643578047198484,2.29128784747792,-0.42008402520840293,-0.4282895663715402
1.3160099667886156,1.4805686450567268,0.5426555044536115,-1.094311467765736,-0.6146085508189683,-0.5465357250000211,-0.47643873166512696,-0.4843221048378526,-0.43643578047198484,-0.4364357804719848,2.3804761428476167,-0.4282895663715402
-0.7611812580490747,0.8941733525835874,1.6411415547054313,1.5096523132314057,-1.4674418775797942,-0.5465357250000211,-0.47643873166512696,-0.4843221048378526,-0.43643578047198484,2.29128784747792,-0.42008402520840293,-0.4282895663715402
1.6148339675547394,-1.0863152352622694,0.2548759286921224,0.802615789914301,-0.5008974405841908,-0.5465357250000211,-0.47643873166512696,2.064741604835056,-0.43643578047198484,-0.4364357804719848,-0.42008402520840293,-0.4282895663715402
-0.2280875702711812,-1.5964777174599776,1.993438085504894,-0.7839051892362753,-1.5811529878145707,-0.5465357250000211,-0.47643873166512696,-0.4843221048378526,2.2912878474779204,-0.4364357804719848,-0.42008402520840293,-0.4282895663715402
1.6262871522530926,1.7269741372249816,1.3796781053410105,1.2164908279535818,-0.20524855397377148,-0.5465357250000211,-0.47643873166512696,-0.4843221048378526,-0.43643578047198484,2.29128784747792,-0.42008402520840293,-0.4282895663715402
-0.3280426367295362,-1.605935706048254,0.27440079666414086,0.33700637212011025,-1.7289774311197803,-0.5465357250000211,-0.47643873166512696,2.064741604835056,-0.43643578047198484,-0.4364357804719848,-0.42008402520840293,-0.4282895663715402
-0.30409506872388864,-1.5671792866451664,1.7014139732277491,1.1130220684437617,-0.580495217748535,-0.5465357250000211,-0.47643873166512696,2.064741604835056,-0.43643578047198484,-0.4364357804719848,-0.42008402520840293,-0.4282895663715402
-0.873630707814724,-0.16177907258420887,2.053710504027212,0.578433477643024,-1.0125974366406867,-0.5465357250000211,-0.47643873166512696,-0.4843221048378526,-0.43643578047198484,-0.4364357804719848,-0.42008402520840293,2.334868926348074
-0.5862598917469534,-1.6344518972053883,0.7260194819299586,-0.6114572567199082,-0.5918663287720124,-0.5465357250000211,-0.47643873166512696,-0.4843221048378526,2.2912878474779204,-0.4364357804719848,-0.42008402520840293,-0.4282895663715402
-1.1859902904970834,-1.3287384164459866,-0.8656817114411095,-0.9908427082559156,1.4321914334070147,-0.5465357250000211,-0.47643873166512696,-0.4843221048378526,-0.43643578047198484,-0.4364357804719848,-0.42008402520840293,2.334868926348074
-0.6050014667078949,-1.3649347787875858,-0.6925046216023373,-1.64614485181811,-0.8988863264059103,-0.5465357250000211,2.098905763822046,-0.4843221048378526,-0.43643578047198484,-0.4364357804719848,-0.42008402520840293,-0.4282895663715402
-1.18286669467026,-0.3046444791544899,-0.8631349895317159,0.009355300339012912,0.8522647712096524,1.8297065576087663,-0.47643873166512696,-0.4843221048378526,-0.43643578047198484,2.29128784747792,-0.42008402520840293,-0.4282895663715402
0.6850436097702495,0.808838117200642,1.4144833047693912,0.8371053764175744,-1.228648546086763,-0.5465357250000211,2.098905763822046,-0.4843221048378526,-0.43643578047198484,-0.4364357804719848,-0.42008402520840293,-0.4282895663715402
-0.0687841831031779,1.2940400430488388,-0.8614371749254534,-0.5769676702166349,0.5111314405053222,-0.5465357250000211,-0.47643873166512696,2.064741604835056,-0.43643578047198484,-0.4364357804719848,-0.42008402520840293,-0.4282895663715402
-0.6466494110655429,-0.951841126837978,-0.8648328041379783,1.095777275192125,1.2388825460078934,1.8297065576087663,-0.47643873166512696,-0.4843221048378526,2.2912878474779204,-0.4364357804719848,-0.42008402520840293,-0.4282895663715402
-0.43424489484153844,0.7290496721175882,0.10631715064415605,0.07833447334555972,-0.05742411066856176,-0.5465357250000211,-0.47643873166512696,-0.4843221048378526,-0.43643578047198484,-0.4364357804719848,-0.42008402520840293,2.334868926348074
0.7579275123961334,-1.684159671815954,-0.8631349895317159,1.1475116549470352,0.7840381050687868,1.8297065576087663,-0.47643873166512696,-0.4843221048378526,2.2912878474779204,-0.4364357804719848,-0.42008402520840293,-0.4282895663715402
0.17277389417118005,0.8645193582880139,1.9195831501324767,-0.14584783892571737,-1.7062352090728254,-0.5465357250000211,-0.47643873166512696,-0.4843221048378526,2.2912878474779204,-0.4364357804719848,-0.42008402520840293,-0.4282895663715402
-0.12709130520388498,-1.2463188016052917,-0.4726376300913471,-1.2495146070304661,-0.5236396626311468,-0.5465357250000211,-0.47643873166512696,-0.4843221048378526,2.2912878474779204,-0.4364357804719848,-0.42008402520840293,-0.4282895663715402
0.7745866901391926,0.531071926029155,-0.8690773406536345,-0.852884362242822,1.4321914334070147,-0.5465357250000211,-0.47643873166512696,-0.4843221048378526,-0.43643578047198484,-0.4364357804719848,2.3804761428476167,-0.4282895663715402
0.5882121391387181,-0.6975421253968007,1.0978408807014401,1.5268971064830426,-1.1035663248285081,-0.5465357250000211,-0.47643873166512696,-0.4843221048378526,-0.43643578047198484,2.29128784747792,-0.42008402520840293,-0.4282895663715402
0.03325328057305951,-0.21554027087546443,1.432310358135147,-1.2150250205271926,-1.4105863224624051,-0.5465357250000211,2.098905763822046,-0.4843221048378526,-0.43643578047198484,-0.4364357804719848,-0.42008402520840293,-0.4282895663715402
-0.5602299265234234,-0.0620790725784677,-0.4853712396383157,1.1130220684437617,-1.717606320096303,-0.5465357250000211,-0.47643873166512696,2.064741604835056,-0.43643578047198484,-0.4364357804719848,-0.42008402520840293,-0.4282895663715402
1.228549283637555,-0.020264807240824485,-0.8614371749254534,1.5441418997346792,1.8074380971817772,1.8297065576087663,-0.47643873166512696,-0.4843221048378526,-0.43643578047198484,-0.4364357804719848,2.3804761428476167,-0.4282895663715402
-0.25724113132153476,0.49387998594142124,1.0010654481444792,0.6646574439012075,-1.1717929909693738,-0.5465357250000211,-0.47643873166512696,-0.4843221048378526,-0.43643578047198484,2.29128784747792,-0.42008402520840293,-0.4282895663715402
-1.2026494682401425,-0.11477358042743646,-0.8656817114411095,0.5266990978881139,0.920491437350519,-0.5465357250000211,-0.47643873166512696,-0.4843221048378526,2.2912878474779204,-0.4364357804719848,-0.42008402520840293,-0.4282895663715402
0.44660912832271515,1.4769418975529518,1.5919049311238196,-1.025332294759189,0.022173666495782316,-0.5465357250000211,-0.47643873166512696,-0.4843221048378526,-0.43643578047198484,-0.4364357804719848,-0.42008402520840293,2.334868926348074
-1.2120202557206134,1.0007001714199641,-0.8631349895317159,0.9405741359273948,0.6703269948340094,1.8297065576087663,-0.47643873166512696,-0.4843221048378526,-0.43643578047198484,2.29128784747792,-0.42008402520840293,-0.4282895663715402
0.07906601936647223,0.1324852640946477,-0.14156378187016497,0.07833447334555972,-1.0012263256172091,-0.5465357250000211,2.098905763822046,-0.4843221048378526,-0.43643578047198484,-0.4364357804719848,-0.42008402520840293,-0.4282895663715402
-0.36864938247824297,-0.19441980011818547,1.3397794620938424,-0.07686866591917059,-1.5811529878145707,-0.5465357250000211,-0.47643873166512696,-0.4843221048378526,2.2912878474779204,-0.4364357804719848,-0.42008402520840293,-0.4282895663715402
1.3222571584422627,0.32690737537545816,-0.8648328041379783,-1.1288010542690092,1.6596136538765676,1.8297065576087663,-0.47643873166512696,2.064741604835056,-0.43643578047198484,-0.4364357804719848,-0.42008402520840293,-0.4282895663715402
-1.1911962835417895,-1.048269942820706,-0.8631349895317159,1.3544491739666755,0.5338736625522781,1.8297065576087663,-0.47643873166512696,-0.4843221048378526,-0.43643578047198484,-0.4364357804719848,2.3804761428476167,-0.4282895663715402
-0.08752575806411947,0.18347306723595755,-0.8622860822285846,-0.14584783892571737,1.3525936562426708,-0.5465357250000211,-0.47643873166512696,-0.4843221048378526,-0.43643578047198484,-0.4364357804719848,2.3804761428476167,-0.4282895663715402
-1.204731865458025,-0.6799772894471445,-0.8614371749254534,0.061089680093923,0.40879144129402323,-0.5465357250000211,-0.47643873166512696,2.064741604835056,-0.43643578047198484,-0.4364357804719848,-0.42008402520840293,-0.4282895663715402
0.3206240966408302,0.5977756350201572,1.054546608241747,-0.7321708094813651,-0.6487218838894006,-0.5465357250000211,-0.47643873166512696,-0.4843221048378526,2.2912878474779204,-0.4364357804719848,-0.42008402520840293,-0.4282895663715402
0.3758076229147137,-0.46272800270139613,-0.310496335193281,1.4061835537215854,-0.14839299885638327,-0.5465357250000211,-0.47643873166512696,-0.4843221048378526,-0.43643578047198484,2.29128784747792,-0.42008402520840293,-0.4282895663715402
